Grid Supply Points,Name,2021 (MW),2022 (MW),2023 (MW),2024 (MW),2025 (MW),2026 (MW),2027 (MW),2028 (MW),2029 (MW),2030 (MW),2031 (MW),2032 (MW),2033 (MW),2034 (MW),2035 (MW),2036 (MW),2037 (MW),2038 (MW),2039 (MW),2040 (MW),2041 (MW),2042 (MW),2043 (MW),2044 (MW),2045 (MW),2046 (MW),2047 (MW),2048 (MW),2049 (MW),2050 (MW)
ABHA1,ABHA1,1.0,1.0,1.0,1.0,1.0,1.0,1.1,1.1,1.1,1.1,1.1,1.1,1.2,1.2,1.2,1.3,1.3,1.3,1.4,1.4,1.4,1.5,1.5,1.6,1.6,1.7,1.7,1.8,1.8,1.9
ABNE_P,ABNE_P,2.4,2.4,2.4,2.4,2.4,2.4,2.5,2.5,2.6,2.6,2.7,2.7,2.8,2.8,2.9,3.0,3.0,3.1,3.2,3.3,3.4,3.5,3.6,3.7,3.8,3.9,4.0,4.2,4.3,4.4
ABTH_1,ABTH_1,0.6,0.5,0.6,0.6,0.6,0.6,0.6,0.6,0.6,0.6,0.6,0.6,0.6,0.7,0.7,0.7,0.7,0.7,0.8,0.8,0.8,0.8,0.8,0.9,0.9,0.9,0.9,1.0,1.0,1.0
ACTL_2;CBNK_H;GREE_H;PERI_H,ACTL_2;CBNK_H;GREE_H;PERI_H,0.0,0.0,0.0,0.0,0.0,0.0,0.0,0.0,0.0,0.0,0.0,0.0,0.0,0.0,0.0,0.0,0.0,0.0,0.0,0.0,0.0,0.0,0.0,0.0,0.0,0.0,0.0,0.0,0.0,0.0
ALNE_P,ALNE_P,0.9,0.9,0.9,1.0,1.0,1.0,1.0,1.0,1.0,1.0,1.1,1.1,1.1,1.1,1.2,1.2,1.2,1.3,1.3,1.3,1.4,1.4,1.4,1.5,1.5,1.6,1.6,1.7,1.7,1.8
ALVE1,ALVE1,35.6,35.5,35.8,36.1,36.5,36.9,37.4,38.0,38.6,39.3,40.1,40.9,41.8,42.8,43.8,44.9,46.0,47.2,48.5,49.8,51.2,52.6,54.2,55.8,57.4,59.1,60.9,62.7,64.6,66.6
AMEM_1,AMEM_1,0.0,0.0,0.0,0.0,0.0,0.0,0.0,0.0,0.0,0.0,0.0,0.0,0.0,0.0,0.0,0.0,0.0,0.0,0.0,0.0,0.0,0.0,0.0,0.0,0.0,0.0,0.0,0.0,0.0,0.0
ARBR_P,ARBR_P,0.8,0.8,0.8,0.8,0.8,0.8,0.8,0.8,0.8,0.9,0.9,0.9,0.9,0.9,1.0,1.0,1.0,1.0,1.1,1.1,1.1,1.2,1.2,1.2,1.3,1.3,1.3,1.4,1.4,1.5
ARDK_P;CLAC_P,ARDK_P;CLAC_P,0.0,0.0,0.0,0.0,0.0,0.0,0.0,0.0,0.0,0.0,0.0,0.0,0.0,0.0,0.0,0.0,0.0,0.0,0.0,0.0,0.0,0.0,0.0,0.0,0.0,0.0,0.0,0.0,0.0,0.0
ARMO_P,ARMO_P,7.8,7.8,7.8,7.9,8.0,8.1,8.2,8.3,8.5,8.6,8.8,9.0,9.2,9.4,9.6,9.8,10.1,10.4,10.6,10.9,11.2,11.5,11.9,12.2,12.6,13.0,13.4,13.8,14.2,14.6
AXMI1,AXMI1,0.3,0.3,0.3,0.3,0.3,0.3,0.3,0.3,0.3,0.3,0.3,0.3,0.3,0.3,0.3,0.3,0.4,0.4,0.4,0.4,0.4,0.4,0.4,0.4,0.4,0.5,0.5,0.5,0.5,0.5
AYRR,AYRR,0.0,0.0,0.0,0.0,0.0,0.0,0.0,0.0,0.0,0.0,0.0,0.0,0.0,0.0,0.0,0.0,0.0,0.0,0.0,0.0,0.0,0.0,0.0,0.0,0.0,0.0,0.0,0.0,0.0,0.0
BAGA,BAGA,2.7,2.7,2.7,2.8,2.8,2.8,2.9,2.9,2.9,3.0,3.1,3.1,3.2,3.3,3.3,3.4,3.5,3.6,3.7,3.8,3.9,4.0,4.1,4.3,4.4,4.5,4.6,4.8,4.9,5.1
BAIN,BAIN,4.0,3.9,4.0,4.0,4.1,4.1,4.2,4.2,4.3,4.4,4.5,4.5,4.6,4.8,4.9,5.0,5.1,5.2,5.4,5.5,5.7,5.8,6.0,6.2,6.4,6.6,6.8,7.0,7.2,7.4
BARKC1;BARKW3,BARKC1;BARKW3,0.0,0.0,0.0,0.0,0.0,0.0,0.0,0.0,0.0,0.0,0.0,0.0,0.0,0.0,0.0,0.0,0.0,0.0,0.0,0.0,0.0,0.0,0.0,0.0,0.0,0.0,0.0,0.0,0.0,0.0
BEAU_P;ORRI_P,BEAU_P;ORRI_P,2.5,2.5,2.5,2.6,2.6,2.6,2.7,2.7,2.7,2.8,2.8,2.9,3.0,3.0,3.1,3.2,3.3,3.3,3.4,3.5,3.6,3.7,3.8,4.0,4.1,4.2,4.3,4.4,4.6,4.7
BEDDT1,BEDDT1,0.0,0.0,0.0,0.0,0.0,0.0,0.0,0.0,0.0,0.0,0.0,0.0,0.0,0.0,0.0,0.0,0.0,0.0,0.0,0.0,0.0,0.0,0.0,0.0,0.0,0.0,0.0,0.0,0.0,0.0
BEDD_1,BEDD_1,0.0,0.0,0.0,0.0,0.0,0.0,0.0,0.0,0.0,0.0,0.0,0.0,0.0,0.0,0.0,0.0,0.0,0.0,0.0,0.0,0.0,0.0,0.0,0.0,0.0,0.0,0.0,0.0,0.0,0.0
BERB_P;CAIF_P;DALL_P;GLEF_P;KEIT_P,BERB_P;CAIF_P;DALL_P;GLEF_P;KEIT_P,10.5,10.4,10.5,10.6,10.7,10.9,11.0,11.2,11.4,11.6,11.8,12.0,12.3,12.6,12.9,13.2,13.5,13.9,14.3,14.6,15.1,15.5,15.9,16.4,16.9,17.4,17.9,18.4,19.0,19.6
BERW,BERW,2.1,2.1,2.1,2.1,2.1,2.1,2.2,2.2,2.2,2.3,2.3,2.4,2.4,2.5,2.5,2.6,2.7,2.7,2.8,2.9,3.0,3.1,3.1,3.2,3.3,3.4,3.5,3.6,3.8,3.9
BESW_1,BESW_1,0.0,0.0,0.0,0.0,0.0,0.0,0.0,0.0,0.1,0.1,0.1,0.1,0.1,0.1,0.1,0.1,0.1,0.1,0.1,0.1,0.1,0.1,0.1,0.1,0.1,0.1,0.1,0.1,0.1,0.1
BICF_1,BICF_1,1.2,1.2,1.2,1.2,1.2,1.2,1.2,1.2,1.3,1.3,1.3,1.3,1.4,1.4,1.4,1.5,1.5,1.5,1.6,1.6,1.7,1.7,1.8,1.8,1.9,1.9,2.0,2.1,2.1,2.2
BIRK_1,BIRK_1,0.1,0.1,0.1,0.1,0.1,0.1,0.1,0.1,0.1,0.1,0.1,0.1,0.1,0.1,0.1,0.1,0.1,0.1,0.1,0.1,0.1,0.1,0.1,0.1,0.1,0.1,0.1,0.1,0.1,0.2
BISW_1,BISW_1,1.3,1.3,1.4,1.4,1.4,1.4,1.4,1.4,1.5,1.5,1.5,1.5,1.6,1.6,1.7,1.7,1.7,1.8,1.8,1.9,1.9,2.0,2.0,2.1,2.2,2.2,2.3,2.4,2.4,2.5
BLYTB1,BLYTB1,0.5,0.5,0.5,0.5,0.6,0.6,0.6,0.6,0.6,0.6,0.6,0.6,0.6,0.6,0.7,0.7,0.7,0.7,0.7,0.8,0.8,0.8,0.8,0.8,0.9,0.9,0.9,0.9,1.0,1.0
BLYTH132,BLYTH132,0.1,0.1,0.1,0.1,0.1,0.1,0.1,0.1,0.1,0.1,0.1,0.1,0.1,0.1,0.1,0.1,0.1,0.1,0.1,0.1,0.1,0.1,0.1,0.1,0.1,0.1,0.1,0.2,0.2,0.2
BOAG_P,BOAG_P,0.0,0.0,0.0,0.0,0.0,0.0,0.0,0.0,0.0,0.0,0.0,0.0,0.0,0.0,0.0,0.0,0.0,0.0,0.0,0.0,0.1,0.1,0.1,0.1,0.1,0.1,0.1,0.1,0.1,0.1
BOLN_1,BOLN_1,0.3,0.3,0.3,0.3,0.3,0.3,0.3,0.3,0.3,0.3,0.3,0.3,0.3,0.3,0.3,0.3,0.3,0.4,0.4,0.4,0.4,0.4,0.4,0.4,0.4,0.4,0.5,0.5,0.5,0.5
BONN,BONN,0.8,0.8,0.8,0.9,0.9,0.9,0.9,0.9,0.9,0.9,1.0,1.0,1.0,1.0,1.0,1.1,1.1,1.1,1.2,1.2,1.2,1.3,1.3,1.3,1.4,1.4,1.4,1.5,1.5,1.6
BOTW_1,BOTW_1,0.0,0.0,0.0,0.0,0.0,0.0,0.0,0.0,0.0,0.0,0.0,0.0,0.0,0.0,0.0,0.0,0.0,0.0,0.0,0.0,0.0,0.0,0.0,0.0,0.0,0.0,0.0,0.0,0.0,0.0
BRAC_P,BRAC_P,0.6,0.6,0.6,0.6,0.6,0.6,0.6,0.6,0.6,0.7,0.7,0.7,0.7,0.7,0.7,0.7,0.8,0.8,0.8,0.8,0.8,0.9,0.9,0.9,1.0,1.0,1.0,1.0,1.1,1.1
BRAI_1,BRAI_1,0.1,0.1,0.1,0.1,0.1,0.1,0.1,0.1,0.1,0.1,0.1,0.1,0.1,0.2,0.2,0.2,0.2,0.2,0.2,0.2,0.2,0.2,0.2,0.2,0.2,0.2,0.2,0.2,0.2,0.2
BRAP,BRAP,0.0,0.0,0.0,0.0,0.0,0.0,0.0,0.0,0.0,0.0,0.0,0.0,0.0,0.0,0.0,0.0,0.0,0.0,0.0,0.0,0.0,0.0,0.0,0.0,0.0,0.0,0.0,0.0,0.0,0.0
BRAW_1,BRAW_1,4.6,4.6,4.6,4.6,4.7,4.7,4.8,4.9,5.0,5.0,5.1,5.3,5.4,5.5,5.6,5.8,5.9,6.1,6.2,6.4,6.6,6.8,7.0,7.2,7.4,7.6,7.8,8.1,8.3,8.5
BRED_1,BRED_1,0.0,0.0,0.0,0.0,0.0,0.0,0.0,0.0,0.0,0.0,0.0,0.0,0.0,0.0,0.0,0.0,0.0,0.0,0.0,0.0,0.0,0.0,0.0,0.0,0.0,0.0,0.0,0.0,0.0,0.0
BRFO_1;CLT03,BRFO_1;CLT03,2.5,2.4,2.5,2.5,2.5,2.5,2.6,2.6,2.7,2.7,2.8,2.8,2.9,3.0,3.0,3.1,3.2,3.3,3.3,3.4,3.5,3.6,3.7,3.8,4.0,4.1,4.2,4.3,4.5,4.6
BRID_P,BRID_P,11.0,10.9,11.0,11.1,11.2,11.4,11.5,11.7,11.9,12.1,12.4,12.6,12.9,13.2,13.5,13.8,14.2,14.5,14.9,15.3,15.8,16.2,16.7,17.2,17.7,18.2,18.8,19.3,19.9,20.5
BRIM_1,BRIM_1,0.0,0.0,0.0,0.0,0.0,0.0,0.0,0.0,0.0,0.0,0.0,0.0,0.0,0.0,0.0,0.0,0.0,0.0,0.0,0.0,0.0,0.0,0.0,0.0,0.0,0.0,0.0,0.0,0.0,0.0
BROA_P,BROA_P,1.0,1.0,1.0,1.0,1.0,1.0,1.1,1.1,1.1,1.1,1.1,1.1,1.2,1.2,1.2,1.3,1.3,1.3,1.4,1.4,1.4,1.5,1.5,1.6,1.6,1.7,1.7,1.8,1.8,1.9
BROR_P,BROR_P,0.0,0.0,0.0,0.0,0.0,0.0,0.0,0.0,0.0,0.0,0.0,0.0,0.0,0.0,0.0,0.0,0.0,0.0,0.0,0.0,0.0,0.0,0.0,0.0,0.0,0.0,0.0,0.0,0.0,0.0
BROX,BROX,0.0,0.0,0.0,0.0,0.0,0.0,0.0,0.0,0.0,0.0,0.0,0.0,0.0,0.0,0.0,0.0,0.0,0.0,0.0,0.0,0.0,0.0,0.0,0.0,0.0,0.0,0.0,0.0,0.0,0.0
BRWA1,BRWA1,1.3,1.3,1.3,1.4,1.4,1.4,1.4,1.4,1.4,1.5,1.5,1.5,1.6,1.6,1.6,1.7,1.7,1.8,1.8,1.9,1.9,2.0,2.0,2.1,2.1,2.2,2.3,2.3,2.4,2.5
BUMU_P,BUMU_P,0.2,0.2,0.2,0.2,0.2,0.2,0.2,0.2,0.2,0.2,0.2,0.2,0.2,0.2,0.2,0.2,0.2,0.2,0.2,0.2,0.2,0.2,0.2,0.3,0.3,0.3,0.3,0.3,0.3,0.3
BURM_1,BURM_1,0.2,0.2,0.2,0.2,0.2,0.2,0.2,0.2,0.2,0.2,0.2,0.2,0.2,0.3,0.3,0.3,0.3,0.3,0.3,0.3,0.3,0.3,0.3,0.3,0.3,0.3,0.4,0.4,0.4,0.4
BUSH_1,BUSH_1,1.7,1.7,1.7,1.7,1.7,1.7,1.7,1.8,1.8,1.8,1.9,1.9,2.0,2.0,2.0,2.1,2.1,2.2,2.3,2.3,2.4,2.5,2.5,2.6,2.7,2.8,2.8,2.9,3.0,3.1
BUST_1,BUST_1,0.0,0.0,0.0,0.0,0.0,0.0,0.0,0.0,0.0,0.0,0.0,0.0,0.0,0.0,0.0,0.0,0.0,0.0,0.0,0.0,0.0,0.0,0.0,0.0,0.0,0.0,0.0,0.0,0.0,0.0
CAAD_P,CAAD_P,0.8,0.8,0.8,0.8,0.8,0.8,0.8,0.9,0.9,0.9,0.9,0.9,0.9,1.0,1.0,1.0,1.0,1.1,1.1,1.1,1.2,1.2,1.2,1.3,1.3,1.3,1.4,1.4,1.5,1.5
CAMB_01,CAMB_01,0.0,0.0,0.0,0.0,0.0,0.0,0.0,0.0,0.0,0.0,0.0,0.0,0.0,0.0,0.0,0.0,0.0,0.0,0.0,0.0,0.0,0.0,0.0,0.0,0.0,0.0,0.0,0.0,0.0,0.0
CANTN1;RICH1;RICH_J,CANTN1;RICH1;RICH_J,0.1,0.1,0.1,0.1,0.1,0.1,0.1,0.1,0.1,0.1,0.1,0.1,0.1,0.1,0.1,0.1,0.1,0.1,0.1,0.1,0.1,0.1,0.1,0.2,0.2,0.2,0.2,0.2,0.2,0.2
CAPEA1,CAPEA1,0.0,0.0,0.0,0.0,0.0,0.0,0.0,0.0,0.0,0.0,0.0,0.0,0.0,0.0,0.0,0.0,0.0,0.0,0.0,0.0,0.0,0.0,0.0,0.0,0.0,0.0,0.0,0.0,0.0,0.0
CARE_1,CARE_1,0.4,0.4,0.4,0.5,0.5,0.5,0.5,0.5,0.5,0.5,0.5,0.5,0.5,0.5,0.5,0.6,0.6,0.6,0.6,0.6,0.6,0.7,0.7,0.7,0.7,0.7,0.8,0.8,0.8,0.8
CARR_1,CARR_1,0.0,0.0,0.0,0.0,0.0,0.0,0.0,0.0,0.0,0.0,0.0,0.0,0.0,0.0,0.0,0.0,0.0,0.0,0.0,0.0,0.0,0.0,0.0,0.0,0.0,0.0,0.0,0.0,0.0,0.0
CASS_P,CASS_P,0.0,0.0,0.0,0.0,0.0,0.0,0.0,0.0,0.0,0.0,0.0,0.0,0.0,0.0,0.0,0.0,0.0,0.0,0.0,0.0,0.0,0.0,0.0,0.0,0.0,0.0,0.0,0.0,0.0,0.0
CATY,CATY,0.0,0.0,0.0,0.0,0.0,0.0,0.0,0.0,0.0,0.0,0.0,0.0,0.0,0.0,0.0,0.0,0.0,0.0,0.0,0.0,0.0,0.0,0.0,0.0,0.0,0.0,0.0,0.0,0.0,0.0
CEAN_P,CEAN_P,0.0,0.0,0.0,0.0,0.0,0.0,0.0,0.0,0.0,0.0,0.0,0.0,0.0,0.0,0.0,0.0,0.0,0.0,0.0,0.0,0.0,0.0,0.0,0.0,0.0,0.0,0.0,0.0,0.0,0.0
CELL_1,CELL_1,1.8,1.8,1.8,1.8,1.8,1.8,1.8,1.9,1.9,1.9,2.0,2.0,2.1,2.1,2.2,2.2,2.3,2.3,2.4,2.5,2.5,2.6,2.7,2.8,2.8,2.9,3.0,3.1,3.2,3.3
CHAP,CHAP,0.3,0.3,0.3,0.3,0.3,0.3,0.3,0.3,0.3,0.3,0.4,0.4,0.4,0.4,0.4,0.4,0.4,0.4,0.4,0.4,0.4,0.5,0.5,0.5,0.5,0.5,0.5,0.5,0.6,0.6
CHAR_P,CHAR_P,0.1,0.1,0.1,0.1,0.1,0.1,0.1,0.1,0.1,0.1,0.1,0.1,0.1,0.1,0.1,0.1,0.1,0.1,0.1,0.1,0.1,0.1,0.1,0.1,0.1,0.1,0.1,0.2,0.2,0.2
CHAS,CHAS,0.0,0.0,0.0,0.0,0.0,0.0,0.0,0.0,0.0,0.0,0.0,0.0,0.0,0.0,0.0,0.0,0.0,0.0,0.0,0.0,0.0,0.0,0.0,0.0,0.0,0.0,0.0,0.0,0.0,0.0
CHIC_1,CHIC_1,0.7,0.7,0.7,0.7,0.7,0.7,0.7,0.7,0.7,0.8,0.8,0.8,0.8,0.8,0.8,0.9,0.9,0.9,0.9,1.0,1.0,1.0,1.0,1.1,1.1,1.1,1.2,1.2,1.2,1.3
CHSI_1,CHSI_1,0.0,0.0,0.0,0.0,0.0,0.0,0.0,0.0,0.0,0.0,0.0,0.0,0.0,0.0,0.0,0.0,0.0,0.0,0.0,0.0,0.0,0.0,0.0,0.0,0.0,0.0,0.0,0.0,0.0,0.0
CHTE_1,CHTE_1,9.8,9.7,9.8,9.9,10.0,10.1,10.3,10.4,10.6,10.8,11.0,11.2,11.5,11.7,12.0,12.3,12.6,13.0,13.3,13.7,14.1,14.5,14.9,15.3,15.8,16.2,16.7,17.2,17.7,18.3
CITR_1,CITR_1,0.0,0.0,0.0,0.0,0.0,0.0,0.0,0.0,0.0,0.0,0.0,0.0,0.0,0.0,0.0,0.0,0.0,0.0,0.0,0.0,0.0,0.0,0.0,0.0,0.0,0.0,0.0,0.0,0.0,0.0
CLAY_P,CLAY_P,0.0,0.0,0.0,0.0,0.0,0.0,0.0,0.0,0.0,0.0,0.0,0.0,0.0,0.0,0.0,0.0,0.0,0.0,0.0,0.0,0.0,0.0,0.0,0.0,0.0,0.0,0.0,0.0,0.0,0.0
CLYM,CLYM,0.0,0.0,0.0,0.0,0.0,0.0,0.0,0.0,0.0,0.0,0.0,0.0,0.0,0.0,0.0,0.0,0.0,0.0,0.0,0.0,0.0,0.0,0.0,0.0,0.0,0.0,0.0,0.0,0.0,0.0
COAT,COAT,2.6,2.6,2.7,2.7,2.7,2.7,2.8,2.8,2.9,2.9,3.0,3.0,3.1,3.2,3.2,3.3,3.4,3.5,3.6,3.7,3.8,3.9,4.0,4.1,4.3,4.4,4.5,4.6,4.8,4.9
COCK,COCK,0.8,0.8,0.8,0.8,0.8,0.8,0.8,0.8,0.8,0.9,0.9,0.9,0.9,0.9,1.0,1.0,1.0,1.0,1.1,1.1,1.1,1.2,1.2,1.2,1.3,1.3,1.3,1.4,1.4,1.5
CONQA1;SASA,CONQA1;SASA,1.9,1.9,2.0,2.0,2.0,2.0,2.0,2.1,2.1,2.2,2.2,2.2,2.3,2.3,2.4,2.5,2.5,2.6,2.6,2.7,2.8,2.9,3.0,3.0,3.1,3.2,3.3,3.4,3.5,3.6
COUA_P,COUA_P,1.5,1.5,1.6,1.6,1.6,1.6,1.6,1.7,1.7,1.7,1.7,1.8,1.8,1.9,1.9,1.9,2.0,2.1,2.1,2.2,2.2,2.3,2.4,2.4,2.5,2.6,2.6,2.7,2.8,2.9
COVE_1,COVE_1,5.1,5.1,5.1,5.2,5.2,5.3,5.4,5.4,5.5,5.6,5.7,5.9,6.0,6.1,6.3,6.4,6.6,6.8,6.9,7.1,7.3,7.5,7.8,8.0,8.2,8.5,8.7,9.0,9.3,9.5
COWL_1;ECLA_H,COWL_1;ECLA_H,0.1,0.1,0.1,0.1,0.1,0.1,0.1,0.1,0.1,0.1,0.1,0.1,0.1,0.1,0.1,0.1,0.1,0.1,0.1,0.1,0.1,0.1,0.1,0.1,0.1,0.1,0.1,0.1,0.1,0.1
COYL,COYL,2.9,2.9,2.9,2.9,3.0,3.0,3.0,3.1,3.1,3.2,3.2,3.3,3.4,3.5,3.5,3.6,3.7,3.8,3.9,4.0,4.1,4.3,4.4,4.5,4.6,4.8,4.9,5.1,5.2,5.4
CRAI_P,CRAI_P,1.1,1.1,1.1,1.1,1.1,1.1,1.2,1.2,1.2,1.2,1.2,1.3,1.3,1.3,1.4,1.4,1.4,1.5,1.5,1.6,1.6,1.6,1.7,1.7,1.8,1.8,1.9,2.0,2.0,2.1
CREB_1,CREB_1,22.1,22.0,22.2,22.4,22.6,22.9,23.2,23.6,24.0,24.4,24.9,25.4,25.9,26.5,27.2,27.8,28.5,29.3,30.1,30.9,31.8,32.7,33.6,34.6,35.6,36.7,37.8,38.9,40.1,41.3
CROO,CROO,3.4,3.4,3.4,3.4,3.5,3.5,3.6,3.6,3.7,3.8,3.8,3.9,4.0,4.1,4.2,4.3,4.4,4.5,4.6,4.8,4.9,5.0,5.2,5.3,5.5,5.6,5.8,6.0,6.2,6.4
CUMB,CUMB,0.0,0.0,0.0,0.0,0.0,0.0,0.0,0.0,0.0,0.0,0.0,0.0,0.0,0.0,0.0,0.0,0.0,0.0,0.0,0.0,0.0,0.0,0.0,0.0,0.0,0.0,0.0,0.0,0.0,0.0
CUPA,CUPA,5.9,5.9,6.0,6.0,6.1,6.2,6.2,6.3,6.4,6.6,6.7,6.8,7.0,7.1,7.3,7.5,7.7,7.9,8.1,8.3,8.5,8.8,9.0,9.3,9.6,9.9,10.1,10.5,10.8,11.1
CURR,CURR,0.0,0.0,0.0,0.0,0.0,0.0,0.0,0.0,0.0,0.0,0.0,0.0,0.0,0.0,0.0,0.0,0.0,0.0,0.0,0.0,0.0,0.0,0.0,0.0,0.0,0.0,0.0,0.0,0.0,0.0
DALM3,DALM3,0.0,0.0,0.0,0.0,0.0,0.0,0.0,0.0,0.0,0.0,0.0,0.0,0.0,0.0,0.0,0.0,0.0,0.0,0.0,0.0,0.0,0.0,0.0,0.0,0.0,0.0,0.0,0.0,0.0,0.0
DEVM,DEVM,0.0,0.0,0.0,0.0,0.0,0.0,0.0,0.0,0.0,0.0,0.0,0.0,0.0,0.0,0.0,0.0,0.0,0.0,0.0,0.0,0.0,0.0,0.0,0.0,0.0,0.0,0.0,0.0,0.0,0.0
DEVO,DEVO,0.7,0.7,0.7,0.7,0.7,0.7,0.7,0.7,0.8,0.8,0.8,0.8,0.8,0.8,0.8,0.9,0.9,0.9,0.9,1.0,1.0,1.0,1.1,1.1,1.1,1.1,1.2,1.2,1.3,1.3
DEWP,DEWP,0.0,0.0,0.0,0.0,0.0,0.0,0.0,0.0,0.0,0.0,0.0,0.0,0.0,0.0,0.0,0.0,0.0,0.0,0.0,0.0,0.0,0.0,0.0,0.0,0.0,0.0,0.0,0.0,0.0,0.0
DOUN_P,DOUN_P,1.1,1.1,1.1,1.1,1.1,1.1,1.1,1.1,1.1,1.2,1.2,1.2,1.2,1.3,1.3,1.3,1.4,1.4,1.4,1.5,1.5,1.6,1.6,1.7,1.7,1.8,1.8,1.9,1.9,2.0
DRAK_1,DRAK_1,1.7,1.7,1.7,1.7,1.7,1.7,1.8,1.8,1.8,1.8,1.9,1.9,2.0,2.0,2.1,2.1,2.2,2.2,2.3,2.3,2.4,2.5,2.5,2.6,2.7,2.8,2.9,2.9,3.0,3.1
DRAX_1,DRAX_1,1.1,1.1,1.1,1.2,1.2,1.2,1.2,1.2,1.2,1.3,1.3,1.3,1.3,1.4,1.4,1.4,1.5,1.5,1.6,1.6,1.6,1.7,1.7,1.8,1.8,1.9,1.9,2.0,2.1,2.1
DRCR,DRCR,0.0,0.0,0.0,0.0,0.0,0.0,0.0,0.0,0.0,0.0,0.0,0.0,0.0,0.0,0.0,0.0,0.0,0.0,0.0,0.0,0.0,0.0,0.0,0.0,0.0,0.0,0.0,0.0,0.0,0.0
DRUM,DRUM,0.0,0.0,0.0,0.0,0.0,0.0,0.0,0.0,0.0,0.0,0.0,0.0,0.0,0.0,0.0,0.0,0.0,0.0,0.0,0.0,0.0,0.0,0.0,0.0,0.0,0.0,0.0,0.0,0.0,0.0
DUBE_P,DUBE_P,0.0,0.0,0.0,0.0,0.0,0.0,0.0,0.0,0.0,0.0,0.0,0.0,0.0,0.0,0.0,0.0,0.0,0.0,0.0,0.0,0.0,0.0,0.0,0.0,0.0,0.0,0.0,0.0,0.0,0.0
DUDH_P,DUDH_P,0.2,0.2,0.2,0.2,0.2,0.2,0.2,0.2,0.2,0.2,0.2,0.2,0.2,0.2,0.2,0.2,0.2,0.2,0.2,0.2,0.2,0.3,0.3,0.3,0.3,0.3,0.3,0.3,0.3,0.3
DUGR_P,DUGR_P,0.1,0.1,0.1,0.1,0.1,0.1,0.1,0.1,0.1,0.1,0.1,0.1,0.1,0.1,0.1,0.1,0.1,0.1,0.1,0.1,0.1,0.1,0.1,0.1,0.1,0.1,0.1,0.1,0.1,0.1
DUMF,DUMF,0.3,0.3,0.3,0.3,0.3,0.3,0.3,0.3,0.4,0.4,0.4,0.4,0.4,0.4,0.4,0.4,0.4,0.4,0.4,0.5,0.5,0.5,0.5,0.5,0.5,0.5,0.6,0.6,0.6,0.6
DUNB,DUNB,1.7,1.7,1.7,1.7,1.7,1.7,1.8,1.8,1.8,1.9,1.9,1.9,2.0,2.0,2.1,2.1,2.2,2.2,2.3,2.4,2.4,2.5,2.6,2.6,2.7,2.8,2.9,3.0,3.1,3.1
DUNF,DUNF,1.1,1.0,1.1,1.1,1.1,1.1,1.1,1.1,1.1,1.2,1.2,1.2,1.2,1.3,1.3,1.3,1.4,1.4,1.4,1.5,1.5,1.6,1.6,1.6,1.7,1.7,1.8,1.9,1.9,2.0
DUNO_P,DUNO_P,0.1,0.1,0.1,0.1,0.1,0.1,0.1,0.1,0.1,0.1,0.1,0.1,0.1,0.1,0.1,0.1,0.1,0.1,0.1,0.1,0.1,0.1,0.2,0.2,0.2,0.2,0.2,0.2,0.2,0.2
DYCE_P,DYCE_P,6.6,6.6,6.6,6.7,6.8,6.8,6.9,7.0,7.2,7.3,7.4,7.6,7.7,7.9,8.1,8.3,8.5,8.7,9.0,9.2,9.5,9.8,10.0,10.3,10.6,11.0,11.3,11.6,12.0,12.3
EALI_6,EALI_6,0.1,0.1,0.1,0.1,0.1,0.1,0.1,0.1,0.1,0.1,0.1,0.1,0.1,0.1,0.1,0.1,0.1,0.2,0.2,0.2,0.2,0.2,0.2,0.2,0.2,0.2,0.2,0.2,0.2,0.2
EASO_1,EASO_1,5.6,5.5,5.6,5.6,5.7,5.8,5.9,5.9,6.0,6.1,6.3,6.4,6.5,6.7,6.8,7.0,7.2,7.4,7.6,7.8,8.0,8.2,8.5,8.7,9.0,9.2,9.5,9.8,10.1,10.4
ECCL,ECCL,1.7,1.7,1.7,1.7,1.7,1.7,1.8,1.8,1.8,1.9,1.9,1.9,2.0,2.0,2.1,2.1,2.2,2.2,2.3,2.3,2.4,2.5,2.5,2.6,2.7,2.8,2.9,3.0,3.0,3.1
ECLA_1,ECLA_1,0.7,0.7,0.7,0.7,0.8,0.8,0.8,0.8,0.8,0.8,0.8,0.8,0.9,0.9,0.9,0.9,1.0,1.0,1.0,1.0,1.1,1.1,1.1,1.2,1.2,1.2,1.3,1.3,1.3,1.4
EERH,EERH,0.0,0.0,0.0,0.0,0.0,0.0,0.0,0.0,0.0,0.0,0.0,0.0,0.0,0.0,0.0,0.0,0.0,0.0,0.0,0.0,0.0,0.0,0.0,0.0,0.0,0.0,0.0,0.0,0.0,0.0
EKIL,EKIL,0.3,0.3,0.3,0.3,0.3,0.3,0.3,0.3,0.3,0.3,0.3,0.3,0.3,0.3,0.3,0.3,0.3,0.4,0.4,0.4,0.4,0.4,0.4,0.4,0.4,0.4,0.5,0.5,0.5,0.5
EKIS,EKIS,0.0,0.0,0.0,0.0,0.0,0.0,0.0,0.0,0.0,0.0,0.0,0.0,0.0,0.0,0.0,0.0,0.0,0.0,0.0,0.0,0.0,0.0,0.0,0.0,0.0,0.0,0.0,0.0,0.0,0.0
ELDE,ELDE,0.0,0.0,0.0,0.0,0.0,0.0,0.0,0.0,0.0,0.0,0.0,0.0,0.0,0.0,0.0,0.0,0.0,0.0,0.0,0.0,0.0,0.0,0.0,0.0,0.0,0.0,0.0,0.0,0.0,0.0
ELGI_P,ELGI_P,0.8,0.8,0.8,0.8,0.8,0.8,0.8,0.8,0.9,0.9,0.9,0.9,0.9,0.9,1.0,1.0,1.0,1.0,1.1,1.1,1.1,1.2,1.2,1.2,1.3,1.3,1.3,1.4,1.4,1.5
ELLA_1,ELLA_1,4.1,4.1,4.1,4.1,4.2,4.2,4.3,4.4,4.4,4.5,4.6,4.7,4.8,4.9,5.0,5.1,5.3,5.4,5.6,5.7,5.9,6.0,6.2,6.4,6.6,6.8,7.0,7.2,7.4,7.6
ELST_1,ELST_1,0.1,0.1,0.1,0.1,0.1,0.1,0.1,0.1,0.1,0.1,0.1,0.1,0.1,0.1,0.1,0.1,0.1,0.1,0.1,0.1,0.1,0.1,0.1,0.1,0.1,0.1,0.1,0.1,0.1,0.1
ENDE_1,ENDE_1,2.9,2.9,2.9,3.0,3.0,3.0,3.1,3.1,3.2,3.2,3.3,3.4,3.4,3.5,3.6,3.7,3.8,3.9,4.0,4.1,4.2,4.3,4.5,4.6,4.7,4.9,5.0,5.2,5.3,5.5
ERSK,ERSK,0.0,0.0,0.0,0.0,0.0,0.0,0.0,0.0,0.0,0.0,0.0,0.0,0.0,0.0,0.0,0.0,0.0,0.0,0.0,0.0,0.0,0.0,0.0,0.0,0.0,0.0,0.0,0.0,0.0,0.0
EXET1,EXET1,1.4,1.4,1.4,1.4,1.4,1.4,1.4,1.4,1.5,1.5,1.5,1.6,1.6,1.6,1.7,1.7,1.8,1.8,1.8,1.9,1.9,2.0,2.1,2.1,2.2,2.3,2.3,2.4,2.5,2.5
FASN_P,FASN_P,0.0,0.0,0.0,0.0,0.0,0.0,0.0,0.0,0.0,0.0,0.0,0.0,0.0,0.0,0.0,0.0,0.0,0.0,0.0,0.0,0.0,0.0,0.0,0.0,0.0,0.0,0.0,0.0,0.0,0.0
FAUG_P,FAUG_P,0.0,0.0,0.0,0.0,0.0,0.0,0.0,0.0,0.0,0.0,0.0,0.0,0.0,0.0,0.0,0.0,0.0,0.0,0.0,0.0,0.0,0.0,0.0,0.0,0.0,0.0,0.0,0.0,0.0,0.0
FAWL_1,FAWL_1,0.0,0.0,0.0,0.0,0.0,0.0,0.0,0.0,0.0,0.0,0.0,0.0,0.0,0.0,0.0,0.0,0.0,0.0,0.0,0.0,0.0,0.0,0.0,0.0,0.0,0.0,0.0,0.0,0.0,0.0
FECK_6,FECK_6,0.8,0.7,0.8,0.8,0.8,0.8,0.8,0.8,0.8,0.8,0.8,0.9,0.9,0.9,0.9,0.9,1.0,1.0,1.0,1.0,1.1,1.1,1.1,1.2,1.2,1.2,1.3,1.3,1.4,1.4
FERRA2,FERRA2,1.0,1.0,1.0,1.0,1.0,1.1,1.1,1.1,1.1,1.1,1.1,1.2,1.2,1.2,1.3,1.3,1.3,1.4,1.4,1.4,1.5,1.5,1.6,1.6,1.6,1.7,1.7,1.8,1.9,1.9
FERRB1;FERRB_M,FERRB1;FERRB_M,7.4,7.4,7.5,7.5,7.6,7.7,7.8,7.9,8.1,8.2,8.4,8.5,8.7,8.9,9.1,9.4,9.6,9.9,10.1,10.4,10.7,11.0,11.3,11.6,12.0,12.3,12.7,13.1,13.5,13.9
FETT_P;KINT_P,FETT_P;KINT_P,1.9,1.9,1.9,1.9,1.9,1.9,2.0,2.0,2.0,2.1,2.1,2.2,2.2,2.3,2.3,2.4,2.4,2.5,2.6,2.6,2.7,2.8,2.9,2.9,3.0,3.1,3.2,3.3,3.4,3.5
FIDD_P,FIDD_P,9.5,9.4,9.5,9.6,9.7,9.8,10.0,10.1,10.3,10.5,10.7,10.9,11.1,11.4,11.6,11.9,12.2,12.6,12.9,13.3,13.6,14.0,14.4,14.8,15.3,15.7,16.2,16.7,17.2,17.7
FIDF_1,FIDF_1,0.6,0.6,0.6,0.6,0.6,0.6,0.6,0.6,0.6,0.6,0.6,0.7,0.7,0.7,0.7,0.7,0.7,0.8,0.8,0.8,0.8,0.8,0.9,0.9,0.9,0.9,1.0,1.0,1.0,1.1
FINN,FINN,0.0,0.0,0.0,0.0,0.0,0.0,0.0,0.0,0.0,0.0,0.0,0.0,0.0,0.0,0.0,0.0,0.0,0.0,0.0,0.0,0.0,0.0,0.0,0.0,0.0,0.0,0.0,0.0,0.0,0.0
FLEE_1;BRLE_1,FLEE_1;BRLE_1,0.6,0.6,0.6,0.6,0.6,0.6,0.6,0.6,0.6,0.7,0.7,0.7,0.7,0.7,0.7,0.8,0.8,0.8,0.8,0.8,0.9,0.9,0.9,0.9,1.0,1.0,1.0,1.1,1.1,1.1
FOUR_1,FOUR_1,0.6,0.6,0.6,0.6,0.7,0.7,0.7,0.7,0.7,0.7,0.7,0.7,0.8,0.8,0.8,0.8,0.8,0.8,0.9,0.9,0.9,0.9,1.0,1.0,1.0,1.1,1.1,1.1,1.2,1.2
FRAS_P,FRAS_P,0.0,0.0,0.0,0.0,0.0,0.0,0.0,0.0,0.0,0.0,0.0,0.0,0.0,0.0,0.0,0.0,0.0,0.0,0.0,0.0,0.0,0.0,0.0,0.0,0.0,0.0,0.0,0.0,0.0,0.0
FROD_1,FROD_1,1.1,1.1,1.1,1.1,1.1,1.1,1.1,1.1,1.2,1.2,1.2,1.2,1.2,1.3,1.3,1.3,1.4,1.4,1.4,1.5,1.5,1.6,1.6,1.7,1.7,1.8,1.8,1.9,1.9,2.0
FWIL_P,FWIL_P,0.4,0.4,0.4,0.4,0.4,0.4,0.4,0.4,0.4,0.5,0.5,0.5,0.5,0.5,0.5,0.5,0.5,0.5,0.6,0.6,0.6,0.6,0.6,0.6,0.7,0.7,0.7,0.7,0.7,0.8
GALA,GALA,0.9,0.9,0.9,0.9,0.9,0.9,1.0,1.0,1.0,1.0,1.0,1.0,1.1,1.1,1.1,1.1,1.2,1.2,1.2,1.3,1.3,1.3,1.4,1.4,1.5,1.5,1.6,1.6,1.6,1.7
GIFF,GIFF,0.1,0.1,0.1,0.1,0.1,0.1,0.1,0.1,0.1,0.1,0.1,0.1,0.1,0.1,0.1,0.1,0.2,0.2,0.2,0.2,0.2,0.2,0.2,0.2,0.2,0.2,0.2,0.2,0.2,0.2
GLLU,GLLU,6.1,6.0,6.1,6.2,6.2,6.3,6.4,6.5,6.6,6.7,6.8,7.0,7.1,7.3,7.5,7.6,7.8,8.0,8.3,8.5,8.7,9.0,9.2,9.5,9.8,10.1,10.4,10.7,11.0,11.4
GLNI,GLNI,0.9,0.9,0.9,0.9,0.9,1.0,1.0,1.0,1.0,1.0,1.0,1.1,1.1,1.1,1.1,1.2,1.2,1.2,1.3,1.3,1.3,1.4,1.4,1.4,1.5,1.5,1.6,1.6,1.7,1.7
GLRO,GLRO,0.4,0.4,0.4,0.4,0.4,0.4,0.4,0.4,0.4,0.4,0.4,0.5,0.5,0.5,0.5,0.5,0.5,0.5,0.5,0.6,0.6,0.6,0.6,0.6,0.6,0.7,0.7,0.7,0.7,0.7
GORG,GORG,0.0,0.0,0.0,0.0,0.0,0.0,0.0,0.0,0.0,0.0,0.0,0.0,0.0,0.0,0.0,0.0,0.0,0.0,0.0,0.0,0.0,0.0,0.0,0.0,0.0,0.0,0.0,0.0,0.0,0.0
GOVA,GOVA,0.0,0.0,0.0,0.0,0.0,0.0,0.0,0.0,0.0,0.0,0.0,0.0,0.0,0.0,0.0,0.0,0.0,0.0,0.0,0.0,0.0,0.0,0.0,0.1,0.1,0.1,0.1,0.1,0.1,0.1
GREN_1,GREN_1,6.9,6.9,6.9,7.0,7.1,7.2,7.3,7.4,7.5,7.6,7.8,7.9,8.1,8.3,8.5,8.7,8.9,9.1,9.4,9.7,9.9,10.2,10.5,10.8,11.1,11.5,11.8,12.2,12.5,12.9
GRIW_1,GRIW_1,1.7,1.7,1.7,1.7,1.7,1.8,1.8,1.8,1.8,1.9,1.9,2.0,2.0,2.0,2.1,2.1,2.2,2.3,2.3,2.4,2.4,2.5,2.6,2.7,2.7,2.8,2.9,3.0,3.1,3.2
GRMO,GRMO,2.3,2.2,2.3,2.3,2.3,2.3,2.4,2.4,2.4,2.5,2.5,2.6,2.6,2.7,2.8,2.8,2.9,3.0,3.1,3.1,3.2,3.3,3.4,3.5,3.6,3.7,3.8,4.0,4.1,4.2
GRUB_P,GRUB_P,0.6,0.6,0.6,0.6,0.6,0.6,0.7,0.7,0.7,0.7,0.7,0.7,0.7,0.7,0.8,0.8,0.8,0.8,0.8,0.9,0.9,0.9,0.9,1.0,1.0,1.0,1.1,1.1,1.1,1.2
G_EXTRA_12,G_EXTRA_12,0.0,0.0,0.0,0.0,0.0,0.0,0.0,0.0,0.0,0.0,0.0,0.0,0.0,0.0,0.0,0.0,0.0,0.0,0.0,0.0,0.0,0.0,0.0,0.0,0.0,0.0,0.0,0.0,0.0,0.0
HACK_1;HACK_6,HACK_1;HACK_6,0.0,0.0,0.0,0.0,0.0,0.0,0.0,0.0,0.0,0.0,0.0,0.0,0.0,0.0,0.0,0.0,0.0,0.0,0.0,0.0,0.0,0.0,0.0,0.0,0.0,0.0,0.0,0.0,0.0,0.0
HAGR,HAGR,0.0,0.0,0.0,0.0,0.0,0.0,0.0,0.0,0.0,0.0,0.0,0.0,0.0,0.0,0.0,0.0,0.0,0.0,0.0,0.0,0.0,0.0,0.0,0.0,0.0,0.0,0.0,0.0,0.0,0.0
HAMHC1,HAMHC1,0.2,0.2,0.2,0.2,0.2,0.2,0.2,0.2,0.2,0.2,0.2,0.2,0.2,0.2,0.2,0.2,0.2,0.2,0.2,0.2,0.3,0.3,0.3,0.3,0.3,0.3,0.3,0.3,0.3,0.3
HARK_1;HUTT_1;RRIG,HARK_1;HUTT_1;RRIG,22.2,22.2,22.4,22.6,22.8,23.1,23.4,23.7,24.1,24.6,25.1,25.6,26.1,26.7,27.3,28.0,28.7,29.5,30.3,31.1,32.0,32.9,33.8,34.8,35.9,36.9,38.0,39.2,40.4,41.6
HARM_6,HARM_6,0.3,0.3,0.3,0.3,0.3,0.3,0.3,0.3,0.3,0.3,0.3,0.3,0.3,0.4,0.4,0.4,0.4,0.4,0.4,0.4,0.4,0.4,0.4,0.5,0.5,0.5,0.5,0.5,0.5,0.6
HAWI,HAWI,0.0,0.0,0.0,0.0,0.0,0.0,0.0,0.0,0.0,0.1,0.1,0.1,0.1,0.1,0.1,0.1,0.1,0.1,0.1,0.1,0.1,0.1,0.1,0.1,0.1,0.1,0.1,0.1,0.1,0.1
HAWP_6,HAWP_6,1.2,1.2,1.2,1.2,1.2,1.3,1.3,1.3,1.3,1.3,1.4,1.4,1.4,1.5,1.5,1.5,1.6,1.6,1.6,1.7,1.7,1.8,1.8,1.9,2.0,2.0,2.1,2.1,2.2,2.3
HELE,HELE,0.0,0.0,0.0,0.0,0.0,0.0,0.0,0.0,0.0,0.0,0.0,0.0,0.0,0.0,0.0,0.0,0.0,0.0,0.0,0.0,0.0,0.0,0.0,0.0,0.0,0.0,0.0,0.0,0.0,0.0
HEYS_1;HEYS1;ORMO,HEYS_1;HEYS1;ORMO,0.6,0.6,0.7,0.7,0.7,0.7,0.7,0.7,0.7,0.7,0.7,0.7,0.8,0.8,0.8,0.8,0.8,0.9,0.9,0.9,0.9,1.0,1.0,1.0,1.0,1.1,1.1,1.1,1.2,1.2
HUER,HUER,0.0,0.0,0.0,0.0,0.0,0.0,0.0,0.0,0.0,0.0,0.0,0.0,0.0,0.0,0.0,0.0,0.0,0.0,0.0,0.0,0.0,0.0,0.0,0.0,0.0,0.0,0.0,0.0,0.0,0.0
HURS_1,HURS_1,0.0,0.0,0.0,0.0,0.0,0.0,0.0,0.0,0.0,0.0,0.0,0.0,0.0,0.0,0.0,0.0,0.0,0.0,0.0,0.0,0.0,0.0,0.0,0.0,0.0,0.0,0.0,0.0,0.0,0.0
IMPK_1,IMPK_1,0.0,0.0,0.0,0.0,0.0,0.0,0.0,0.0,0.0,0.0,0.0,0.0,0.0,0.0,0.0,0.0,0.0,0.0,0.0,0.0,0.0,0.0,0.0,0.0,0.0,0.0,0.0,0.0,0.0,0.0
INDQ1,INDQ1,24.4,24.3,24.5,24.8,25.0,25.3,25.7,26.1,26.5,27.0,27.5,28.1,28.7,29.3,30.0,30.8,31.5,32.4,33.2,34.1,35.1,36.1,37.1,38.2,39.4,40.5,41.8,43.0,44.3,45.7
INKE,INKE,0.0,0.0,0.0,0.0,0.0,0.0,0.0,0.0,0.0,0.0,0.0,0.0,0.0,0.0,0.0,0.0,0.0,0.0,0.0,0.0,0.0,0.0,0.0,0.0,0.0,0.0,0.0,0.0,0.0,0.1
INNE_P,INNE_P,0.6,0.6,0.6,0.6,0.7,0.7,0.7,0.7,0.7,0.7,0.7,0.7,0.8,0.8,0.8,0.8,0.8,0.8,0.9,0.9,0.9,0.9,1.0,1.0,1.0,1.1,1.1,1.1,1.2,1.2
IROA1,IROA1,4.2,4.2,4.2,4.2,4.3,4.3,4.4,4.5,4.5,4.6,4.7,4.8,4.9,5.0,5.1,5.3,5.4,5.5,5.7,5.9,6.0,6.2,6.4,6.6,6.7,6.9,7.2,7.4,7.6,7.8
IRONB1,IRONB1,0.6,0.6,0.6,0.6,0.6,0.6,0.6,0.6,0.6,0.7,0.7,0.7,0.7,0.7,0.7,0.7,0.8,0.8,0.8,0.8,0.9,0.9,0.9,0.9,1.0,1.0,1.0,1.0,1.1,1.1
IVER_1;IVER_6,IVER_1;IVER_6,0.0,0.0,0.0,0.0,0.0,0.0,0.0,0.0,0.0,0.0,0.0,0.0,0.0,0.0,0.0,0.0,0.0,0.0,0.0,0.0,0.0,0.0,0.0,0.0,0.0,0.0,0.0,0.0,0.0,0.0
JOHN,JOHN,1.7,1.7,1.7,1.8,1.8,1.8,1.8,1.8,1.9,1.9,1.9,2.0,2.0,2.1,2.1,2.2,2.2,2.3,2.4,2.4,2.5,2.6,2.6,2.7,2.8,2.9,3.0,3.0,3.1,3.2
JORD_3,JORD_3,0.0,0.0,0.0,0.0,0.0,0.0,0.0,0.0,0.0,0.0,0.0,0.0,0.0,0.0,0.0,0.0,0.0,0.0,0.0,0.0,0.0,0.0,0.0,0.0,0.0,0.0,0.0,0.0,0.0,0.0
KAIM,KAIM,1.1,1.1,1.1,1.1,1.1,1.1,1.1,1.1,1.2,1.2,1.2,1.2,1.2,1.3,1.3,1.3,1.4,1.4,1.4,1.5,1.5,1.6,1.6,1.7,1.7,1.8,1.8,1.9,1.9,2.0
KEAD_1,KEAD_1,5.4,5.4,5.5,5.5,5.6,5.7,5.7,5.8,5.9,6.0,6.1,6.3,6.4,6.5,6.7,6.9,7.0,7.2,7.4,7.6,7.8,8.1,8.3,8.5,8.8,9.0,9.3,9.6,9.9,10.2
KEAR_1;KEAR_3,KEAR_1;KEAR_3,0.5,0.5,0.5,0.6,0.6,0.6,0.6,0.6,0.6,0.6,0.6,0.6,0.6,0.7,0.7,0.7,0.7,0.7,0.7,0.8,0.8,0.8,0.8,0.8,0.9,0.9,0.9,1.0,1.0,1.0
KEMS_1,KEMS_1,0.1,0.1,0.1,0.1,0.1,0.1,0.1,0.1,0.1,0.1,0.1,0.1,0.1,0.1,0.1,0.1,0.1,0.1,0.1,0.2,0.2,0.2,0.2,0.2,0.2,0.2,0.2,0.2,0.2,0.2
KIBY_1,KIBY_1,1.1,1.1,1.1,1.1,1.1,1.2,1.2,1.2,1.2,1.2,1.3,1.3,1.3,1.3,1.4,1.4,1.4,1.5,1.5,1.6,1.6,1.7,1.7,1.8,1.8,1.9,1.9,2.0,2.0,2.1
KIER,KIER,0.0,0.0,0.0,0.0,0.0,0.0,0.0,0.0,0.0,0.0,0.0,0.0,0.0,0.0,0.0,0.0,0.0,0.0,0.0,0.0,0.0,0.0,0.0,0.0,0.0,0.0,0.0,0.0,0.0,0.0
KIIN_P,KIIN_P,0.0,0.0,0.0,0.0,0.0,0.0,0.0,0.0,0.0,0.0,0.0,0.0,0.0,0.0,0.0,0.0,0.0,0.0,0.0,0.0,0.0,0.0,0.0,0.0,0.0,0.0,0.0,0.0,0.0,0.0
KILB,KILB,0.0,0.0,0.0,0.0,0.0,0.0,0.0,0.0,0.0,0.0,0.0,0.0,0.0,0.0,0.0,0.0,0.0,0.0,0.0,0.0,0.0,0.0,0.0,0.0,0.0,0.0,0.0,0.0,0.0,0.0
KILS,KILS,1.3,1.3,1.3,1.3,1.3,1.3,1.4,1.4,1.4,1.4,1.5,1.5,1.5,1.6,1.6,1.6,1.7,1.7,1.8,1.8,1.9,1.9,2.0,2.0,2.1,2.2,2.2,2.3,2.4,2.4
KILT,KILT,1.3,1.3,1.3,1.3,1.3,1.3,1.3,1.4,1.4,1.4,1.4,1.5,1.5,1.5,1.6,1.6,1.6,1.7,1.7,1.8,1.8,1.9,1.9,2.0,2.0,2.1,2.2,2.2,2.3,2.4
KILW,KILW,0.6,0.6,0.6,0.6,0.6,0.6,0.6,0.6,0.6,0.6,0.6,0.6,0.7,0.7,0.7,0.7,0.7,0.7,0.8,0.8,0.8,0.8,0.8,0.9,0.9,0.9,1.0,1.0,1.0,1.0
KINL_P,KINL_P,0.0,0.0,0.0,0.0,0.0,0.0,0.0,0.0,0.0,0.0,0.0,0.0,0.0,0.0,0.0,0.0,0.0,0.0,0.0,0.0,0.0,0.0,0.0,0.0,0.0,0.0,0.0,0.0,0.0,0.0
KINO_1,KINO_1,0.1,0.1,0.1,0.1,0.1,0.1,0.1,0.1,0.1,0.1,0.1,0.1,0.1,0.1,0.1,0.1,0.1,0.1,0.1,0.1,0.1,0.1,0.1,0.1,0.1,0.1,0.1,0.1,0.1,0.1
KIRKB1,KIRKB1,0.0,0.0,0.0,0.0,0.0,0.0,0.0,0.0,0.0,0.0,0.0,0.0,0.0,0.0,0.0,0.0,0.0,0.0,0.0,0.0,0.0,0.0,0.1,0.1,0.1,0.1,0.1,0.1,0.1,0.1
KITW_1,KITW_1,0.0,0.0,0.0,0.0,0.0,0.0,0.0,0.0,0.0,0.0,0.0,0.0,0.0,0.0,0.0,0.0,0.0,0.0,0.0,0.0,0.0,0.0,0.0,0.0,0.0,0.0,0.0,0.0,0.0,0.0
KNAR,KNAR,0.1,0.1,0.1,0.1,0.1,0.1,0.1,0.1,0.1,0.1,0.1,0.2,0.2,0.2,0.2,0.2,0.2,0.2,0.2,0.2,0.2,0.2,0.2,0.2,0.2,0.2,0.2,0.2,0.2,0.2
LACK_6,LACK_6,1.4,1.4,1.4,1.4,1.4,1.4,1.5,1.5,1.5,1.5,1.6,1.6,1.6,1.7,1.7,1.7,1.8,1.8,1.9,1.9,2.0,2.0,2.1,2.2,2.2,2.3,2.4,2.4,2.5,2.6
LAIR_P,LAIR_P,0.1,0.1,0.1,0.1,0.1,0.1,0.1,0.1,0.1,0.1,0.1,0.1,0.1,0.1,0.1,0.1,0.1,0.1,0.1,0.1,0.1,0.1,0.1,0.1,0.1,0.1,0.1,0.1,0.1,0.1
LALE1SG003,LALE1SG003,0.0,0.0,0.0,0.0,0.0,0.0,0.0,0.0,0.0,0.0,0.0,0.0,0.0,0.0,0.0,0.0,0.0,0.0,0.0,0.0,0.0,0.0,0.0,0.0,0.0,0.0,0.0,0.0,0.0,0.0
LAND1,LAND1,3.5,3.4,3.5,3.5,3.5,3.6,3.6,3.7,3.7,3.8,3.9,4.0,4.1,4.1,4.2,4.3,4.5,4.6,4.7,4.8,5.0,5.1,5.3,5.4,5.6,5.7,5.9,6.1,6.3,6.5
LEGA_1,LEGA_1,7.4,7.3,7.4,7.5,7.5,7.6,7.7,7.9,8.0,8.1,8.3,8.5,8.6,8.8,9.1,9.3,9.5,9.8,10.0,10.3,10.6,10.9,11.2,11.5,11.9,12.2,12.6,13.0,13.4,13.8
LEVE,LEVE,6.1,6.0,6.1,6.2,6.2,6.3,6.4,6.5,6.6,6.7,6.8,7.0,7.1,7.3,7.5,7.6,7.8,8.0,8.3,8.5,8.7,9.0,9.2,9.5,9.8,10.1,10.4,10.7,11.0,11.4
LING,LING,0.6,0.6,0.6,0.6,0.7,0.7,0.7,0.7,0.7,0.7,0.7,0.7,0.7,0.8,0.8,0.8,0.8,0.8,0.9,0.9,0.9,0.9,1.0,1.0,1.0,1.1,1.1,1.1,1.2,1.2
LINM,LINM,19.5,19.5,19.6,19.8,12.0,12.2,12.3,12.5,12.7,13.0,13.2,13.5,13.8,14.1,14.4,14.8,15.1,15.5,16.0,16.4,16.9,17.3,17.8,18.4,18.9,19.5,20.1,20.7,21.3,21.9
LISD_1,LISD_1,0.0,0.0,0.0,0.0,0.0,0.0,0.0,0.0,0.0,0.0,0.0,0.0,0.0,0.0,0.0,0.0,0.0,0.0,0.0,0.0,0.0,0.0,0.0,0.0,0.0,0.0,0.0,0.0,0.0,0.0
LITT_C,LITT_C,0.5,0.5,0.5,0.5,0.6,0.6,0.6,0.6,0.6,0.6,0.6,0.6,0.6,0.6,0.7,0.7,0.7,0.7,0.7,0.8,0.8,0.8,0.8,0.8,0.9,0.9,0.9,0.9,1.0,1.0
LITT_J,LITT_J,0.0,0.0,0.0,0.0,0.0,0.0,0.0,0.0,0.0,0.0,0.0,0.0,0.0,0.0,0.0,0.0,0.0,0.0,0.0,0.0,0.0,0.0,0.0,0.0,0.0,0.0,0.0,0.0,0.0,0.0
LODR_6,LODR_6,0.0,0.0,0.0,0.0,0.0,0.0,0.0,0.0,0.0,0.0,0.0,0.0,0.0,0.0,0.0,0.0,0.0,0.0,0.0,0.0,0.0,0.0,0.0,0.0,0.0,0.0,0.0,0.0,0.0,0.0
LOUD_H,LOUD_H,0.0,0.0,0.0,0.0,0.0,0.0,0.0,0.0,0.0,0.0,0.0,0.0,0.0,0.0,0.0,0.0,0.0,0.0,0.0,0.0,0.0,0.0,0.0,0.0,0.0,0.0,0.0,0.0,0.0,0.0
LOVE_1,LOVE_1,0.0,0.0,0.0,0.0,0.0,0.0,0.0,0.0,0.0,0.0,0.0,0.0,0.0,0.0,0.0,0.0,0.0,0.0,0.0,0.0,0.0,0.0,0.0,0.0,0.0,0.0,0.0,0.0,0.0,0.0
LUNA_P,LUNA_P,5.4,5.4,5.4,5.5,5.5,5.6,5.7,5.8,5.9,6.0,6.1,6.2,6.4,6.5,6.7,6.8,7.0,7.2,7.4,7.6,7.8,8.0,8.2,8.5,8.7,9.0,9.3,9.5,9.8,10.1
LYND_P,LYND_P,1.7,1.7,1.7,1.7,1.8,1.8,1.8,1.8,1.9,1.9,1.9,2.0,2.0,2.1,2.1,2.2,2.2,2.3,2.3,2.4,2.5,2.5,2.6,2.7,2.8,2.8,2.9,3.0,3.1,3.2
MACC_3,MACC_3,0.1,0.1,0.1,0.1,0.1,0.1,0.1,0.1,0.1,0.1,0.1,0.1,0.1,0.1,0.1,0.1,0.1,0.1,0.1,0.1,0.1,0.1,0.1,0.1,0.1,0.1,0.1,0.1,0.1,0.1
MACD_P,MACD_P,24.1,24.0,24.2,24.4,24.7,25.0,25.3,25.7,26.1,26.6,27.1,27.7,28.3,28.9,29.6,30.3,31.1,31.9,32.8,33.7,34.6,35.6,36.6,37.7,38.8,40.0,41.2,42.4,43.7,45.0
MAGA_6,MAGA_6,0.0,0.0,0.0,0.0,0.0,0.0,0.0,0.0,0.0,0.0,0.0,0.0,0.0,0.0,0.0,0.0,0.0,0.0,0.0,0.0,0.0,0.0,0.0,0.0,0.0,0.0,0.0,0.0,0.0,0.0
MANN_1,MANN_1,0.2,0.2,0.2,0.2,0.2,0.2,0.2,0.2,0.2,0.2,0.2,0.2,0.2,0.2,0.2,0.2,0.2,0.2,0.2,0.2,0.3,0.3,0.3,0.3,0.3,0.3,0.3,0.3,0.3,0.3
MAYB,MAYB,2.2,2.2,2.2,2.3,2.3,2.3,2.3,2.4,2.4,2.5,2.5,2.6,2.6,2.7,2.7,2.8,2.9,2.9,3.0,3.1,3.2,3.3,3.4,3.5,3.6,3.7,3.8,3.9,4.0,4.2
MELK_1,MELK_1,0.6,0.6,0.6,0.6,0.7,0.7,0.7,0.7,0.7,0.7,0.7,0.7,0.8,0.8,0.8,0.8,0.8,0.8,0.9,0.9,0.9,0.9,1.0,1.0,1.0,1.1,1.1,1.1,1.2,1.2
MILC_P,MILC_P,0.9,0.9,0.9,0.9,0.9,1.0,1.0,1.0,1.0,1.0,1.0,1.1,1.1,1.1,1.1,1.2,1.2,1.2,1.3,1.3,1.3,1.4,1.4,1.4,1.5,1.5,1.6,1.6,1.7,1.7
MILH_1,MILH_1,0.0,0.0,0.0,0.0,0.0,0.0,0.0,0.0,0.0,0.0,0.0,0.0,0.0,0.0,0.0,0.0,0.0,0.0,0.0,0.0,0.0,0.0,0.0,0.0,0.0,0.0,0.0,0.0,0.0,0.0
MITY_1,MITY_1,0.0,0.0,0.0,0.0,0.0,0.0,0.0,0.0,0.0,0.0,0.0,0.0,0.0,0.0,0.0,0.0,0.0,0.0,0.0,0.1,0.1,0.1,0.1,0.1,0.1,0.1,0.1,0.1,0.1,0.1
MYBS_P,MYBS_P,0.0,0.0,0.0,0.0,0.0,0.0,0.0,0.0,0.0,0.0,0.0,0.0,0.0,0.0,0.0,0.0,0.0,0.0,0.0,0.0,0.0,0.0,0.0,0.0,0.0,0.0,0.0,0.0,0.0,0.0
NAIR_P,NAIR_P,0.9,0.9,0.9,0.9,0.9,0.9,0.9,0.9,0.9,1.0,1.0,1.0,1.0,1.0,1.1,1.1,1.1,1.1,1.2,1.2,1.2,1.3,1.3,1.4,1.4,1.4,1.5,1.5,1.6,1.6
NEAR,NEAR,1.7,1.7,1.7,1.7,1.7,1.7,1.7,1.8,1.8,1.8,1.9,1.9,1.9,2.0,2.0,2.1,2.1,2.2,2.3,2.3,2.4,2.5,2.5,2.6,2.7,2.8,2.8,2.9,3.0,3.1
NECE_1,NECE_1,0.0,0.0,0.0,0.0,0.0,0.0,0.0,0.0,0.0,0.0,0.0,0.0,0.0,0.0,0.0,0.0,0.0,0.0,0.0,0.0,0.0,0.0,0.0,0.0,0.0,0.0,0.0,0.0,0.0,0.0
NEEP_3,NEEP_3,0.0,0.0,0.0,0.0,0.0,0.0,0.0,0.0,0.0,0.0,0.0,0.0,0.0,0.0,0.0,0.0,0.0,0.0,0.0,0.0,0.0,0.0,0.0,0.0,0.0,0.0,0.0,0.0,0.0,0.0
NETS,NETS,0.0,0.0,0.0,0.0,0.0,0.0,0.0,0.0,0.0,0.0,0.0,0.0,0.0,0.0,0.0,0.0,0.0,0.0,0.0,0.0,0.0,0.0,0.0,0.0,0.0,0.0,0.0,0.0,0.0,0.0
NEWX_6,NEWX_6,0.0,0.0,0.0,0.0,0.0,0.0,0.0,0.0,0.0,0.0,0.0,0.0,0.0,0.0,0.0,0.0,0.0,0.0,0.0,0.0,0.0,0.0,0.0,0.0,0.0,0.0,0.0,0.0,0.0,0.0
NFLE,NFLE,0.0,0.0,0.0,0.0,0.0,0.0,0.0,0.0,0.0,0.0,0.0,0.0,0.0,0.0,0.0,0.0,0.0,0.0,0.0,0.0,0.0,0.0,0.0,0.0,0.0,0.0,0.0,0.0,0.0,0.0
NHYD_6,NHYD_6,0.0,0.0,0.0,0.0,0.0,0.0,0.0,0.0,0.0,0.0,0.0,0.0,0.0,0.0,0.0,0.0,0.0,0.0,0.0,0.0,0.0,0.0,0.0,0.0,0.0,0.0,0.0,0.0,0.0,0.0
NINF_1,NINF_1,1.0,1.0,1.0,1.0,1.0,1.0,1.1,1.1,1.1,1.1,1.1,1.1,1.2,1.2,1.2,1.3,1.3,1.3,1.4,1.4,1.4,1.5,1.5,1.6,1.6,1.7,1.7,1.8,1.8,1.9
NORL_3,NORL_3,0.0,0.0,0.0,0.0,0.0,0.0,0.0,0.0,0.0,0.0,0.0,0.0,0.0,0.0,0.0,0.0,0.0,0.0,0.0,0.0,0.0,0.0,0.0,0.0,0.0,0.0,0.0,0.0,0.0,0.0
NORM_1;SALL1,NORM_1;SALL1,1.9,1.9,1.9,2.0,2.0,2.0,2.0,2.1,2.1,2.1,2.2,2.2,2.3,2.3,2.4,2.4,2.5,2.6,2.6,2.7,2.8,2.8,2.9,3.0,3.1,3.2,3.3,3.4,3.5,3.6
NORT_1,NORT_1,2.0,2.0,2.0,2.1,2.1,2.1,2.1,2.2,2.2,2.3,2.3,2.3,2.4,2.4,2.5,2.6,2.6,2.7,2.8,2.9,2.9,3.0,3.1,3.2,3.3,3.4,3.5,3.6,3.7,3.8
NURS_1,NURS_1,0.1,0.1,0.1,0.1,0.1,0.1,0.1,0.1,0.1,0.1,0.1,0.1,0.1,0.1,0.1,0.1,0.1,0.1,0.1,0.1,0.1,0.1,0.1,0.1,0.1,0.1,0.1,0.1,0.1,0.1
OCKH_1,OCKH_1,0.0,0.0,0.0,0.0,0.0,0.0,0.0,0.0,0.0,0.0,0.0,0.0,0.0,0.0,0.0,0.0,0.0,0.0,0.0,0.0,0.0,0.0,0.0,0.0,0.0,0.0,0.0,0.0,0.0,0.0
OFFE_3,OFFE_3,0.0,0.0,0.0,0.0,0.0,0.0,0.0,0.0,0.0,0.0,0.0,0.0,0.0,0.0,0.0,0.0,0.0,0.0,0.0,0.0,0.0,0.0,0.0,0.0,0.0,0.0,0.0,0.0,0.0,0.0
OLDB_1,OLDB_1,0.0,0.0,0.0,0.0,0.0,0.0,0.0,0.0,0.0,0.0,0.0,0.0,0.0,0.0,0.0,0.0,0.0,0.0,0.0,0.0,0.0,0.0,0.0,0.0,0.0,0.0,0.0,0.0,0.0,0.0
OSBA_1,OSBA_1,4.2,4.2,4.2,4.2,4.3,4.3,4.4,4.5,4.5,4.6,4.7,4.8,4.9,5.0,5.1,5.3,5.4,5.5,5.7,5.8,6.0,6.2,6.4,6.5,6.7,6.9,7.1,7.4,7.6,7.8
PADIB1,PADIB1,2.5,2.5,2.5,2.5,2.6,2.6,2.6,2.7,2.7,2.8,2.8,2.9,2.9,3.0,3.1,3.1,3.2,3.3,3.4,3.5,3.6,3.7,3.8,3.9,4.0,4.1,4.3,4.4,4.5,4.7
PAIS,PAIS,0.0,0.0,0.0,0.0,0.0,0.0,0.0,0.0,0.0,0.0,0.0,0.0,0.0,0.0,0.0,0.0,0.0,0.0,0.0,0.0,0.0,0.0,0.0,0.0,0.0,0.0,0.0,0.0,0.0,0.0
PART,PART,0.0,0.0,0.0,0.0,0.0,0.0,0.0,0.0,0.0,0.0,0.0,0.0,0.0,0.0,0.0,0.0,0.0,0.0,0.0,0.0,0.0,0.0,0.0,0.0,0.0,0.0,0.0,0.0,0.0,0.0
PEHG_P,PEHG_P,0.0,0.0,0.0,0.0,0.0,0.0,0.0,0.0,0.0,0.0,0.0,0.0,0.0,0.0,0.0,0.0,0.0,0.0,0.0,0.0,0.0,0.0,0.0,0.0,0.0,0.0,0.0,0.0,0.0,0.0
PEHS_P;STRI_P,PEHS_P;STRI_P,15.5,15.5,15.6,15.8,15.9,16.1,16.3,16.6,16.9,17.2,17.5,17.9,18.3,18.7,19.1,19.6,20.1,20.6,21.2,21.7,22.4,23.0,23.7,24.3,25.1,25.8,26.6,27.4,28.2,29.1
PELH_1,PELH_1,0.6,0.6,0.6,0.6,0.6,0.6,0.6,0.6,0.6,0.7,0.7,0.7,0.7,0.7,0.7,0.7,0.8,0.8,0.8,0.8,0.8,0.9,0.9,0.9,1.0,1.0,1.0,1.0,1.1,1.1
PEMB_1,PEMB_1,10.3,10.3,10.4,10.5,10.6,10.7,10.9,11.0,11.2,11.4,11.6,11.9,12.1,12.4,12.7,13.0,13.3,13.7,14.1,14.4,14.9,15.3,15.7,16.2,16.7,17.2,17.7,18.2,18.8,19.3
PENE_1,PENE_1,0.5,0.5,0.5,0.5,0.5,0.5,0.5,0.5,0.5,0.6,0.6,0.6,0.6,0.6,0.6,0.6,0.7,0.7,0.7,0.7,0.7,0.7,0.8,0.8,0.8,0.8,0.9,0.9,0.9,0.9
PENN_1,PENN_1,0.0,0.0,0.0,0.0,0.0,0.0,0.0,0.0,0.0,0.0,0.0,0.0,0.0,0.0,0.0,0.0,0.0,0.0,0.0,0.0,0.0,0.0,0.0,0.0,0.0,0.0,0.0,0.0,0.0,0.0
PENT_1,PENT_1,2.4,2.4,2.5,2.5,2.5,2.5,2.6,2.6,2.7,2.7,2.8,2.8,2.9,2.9,3.0,3.1,3.2,3.2,3.3,3.4,3.5,3.6,3.7,3.8,3.9,4.1,4.2,4.3,4.4,4.6
PENW_1;STAH_1;WABO,PENW_1;STAH_1;WABO,1.4,1.4,1.4,1.4,1.5,1.5,1.5,1.5,1.6,1.6,1.6,1.6,1.7,1.7,1.8,1.8,1.8,1.9,1.9,2.0,2.1,2.1,2.2,2.2,2.3,2.4,2.4,2.5,2.6,2.7
PERS_P,PERS_P,0.4,0.4,0.4,0.4,0.4,0.4,0.4,0.4,0.4,0.4,0.4,0.5,0.5,0.5,0.5,0.5,0.5,0.5,0.5,0.6,0.6,0.6,0.6,0.6,0.6,0.7,0.7,0.7,0.7,0.7
PITS_3,PITS_3,0.0,0.0,0.0,0.0,0.0,0.0,0.0,0.0,0.0,0.0,0.0,0.0,0.0,0.0,0.0,0.0,0.0,0.0,0.0,0.0,0.0,0.0,0.0,0.0,0.0,0.0,0.0,0.0,0.0,0.0
POOB,POOB,0.0,0.0,0.0,0.0,0.0,0.0,0.0,0.0,0.0,0.0,0.0,0.0,0.0,0.0,0.0,0.0,0.0,0.0,0.0,0.0,0.1,0.1,0.1,0.1,0.1,0.1,0.1,0.1,0.1,0.1
POPP_3,POPP_3,0.0,0.0,0.0,0.0,0.0,0.0,0.0,0.0,0.0,0.0,0.0,0.0,0.0,0.0,0.0,0.0,0.0,0.0,0.0,0.0,0.0,0.0,0.0,0.0,0.0,0.0,0.0,0.0,0.0,0.0
PORA_P,PORA_P,0.7,0.7,0.7,0.8,0.8,0.8,0.8,0.8,0.8,0.8,0.8,0.9,0.9,0.9,0.9,0.9,1.0,1.0,1.0,1.0,1.1,1.1,1.1,1.2,1.2,1.2,1.3,1.3,1.4,1.4
PORD,PORD,0.0,0.0,0.0,0.0,0.0,0.0,0.0,0.0,0.0,0.0,0.0,0.0,0.0,0.0,0.0,0.0,0.0,0.0,0.0,0.0,0.0,0.0,0.0,0.0,0.0,0.0,0.0,0.0,0.0,0.0
PYLE_1,PYLE_1,2.0,2.0,2.0,2.0,2.0,2.0,2.1,2.1,2.1,2.2,2.2,2.3,2.3,2.4,2.4,2.5,2.5,2.6,2.7,2.8,2.8,2.9,3.0,3.1,3.2,3.3,3.4,3.5,3.6,3.7
QUOI_P,QUOI_P,0.0,0.0,0.0,0.0,0.0,0.0,0.0,0.0,0.0,0.0,0.0,0.0,0.0,0.0,0.0,0.0,0.0,0.0,0.0,0.0,0.0,0.0,0.0,0.0,0.0,0.0,0.0,0.0,0.0,0.0
RAIN_1,RAIN_1,1.7,1.7,1.7,1.7,1.7,1.7,1.7,1.8,1.8,1.8,1.9,1.9,1.9,2.0,2.0,2.1,2.1,2.2,2.3,2.3,2.4,2.5,2.5,2.6,2.7,2.8,2.8,2.9,3.0,3.1
RANN_P,RANN_P,0.0,0.0,0.0,0.0,0.0,0.0,0.0,0.0,0.0,0.0,0.0,0.0,0.0,0.0,0.0,0.0,0.0,0.0,0.0,0.0,0.0,0.0,0.0,0.0,0.0,0.0,0.0,0.0,0.0,0.0
RASS_1,RASS_1,9.7,9.6,9.7,9.8,9.9,10.0,10.2,10.3,10.5,10.7,10.9,11.1,11.3,11.6,11.9,12.2,12.5,12.8,13.2,13.5,13.9,14.3,14.7,15.1,15.6,16.0,16.5,17.0,17.5,18.1
RATS_1,RATS_1,2.1,2.0,2.1,2.1,2.1,2.1,2.2,2.2,2.2,2.3,2.3,2.4,2.4,2.5,2.5,2.6,2.7,2.7,2.8,2.9,3.0,3.0,3.1,3.2,3.3,3.4,3.5,3.6,3.7,3.8
RAYL_1,RAYL_1,0.4,0.4,0.4,0.4,0.4,0.4,0.4,0.4,0.4,0.4,0.4,0.5,0.5,0.5,0.5,0.5,0.5,0.5,0.5,0.6,0.6,0.6,0.6,0.6,0.6,0.7,0.7,0.7,0.7,0.7
REBR_3,REBR_3,0.0,0.0,0.0,0.0,0.0,0.0,0.0,0.0,0.0,0.0,0.0,0.0,0.0,0.0,0.0,0.0,0.0,0.0,0.0,0.0,0.0,0.0,0.0,0.0,0.0,0.0,0.0,0.0,0.0,0.0
REDH,REDH,0.1,0.1,0.1,0.1,0.1,0.1,0.1,0.1,0.1,0.1,0.1,0.1,0.1,0.1,0.1,0.1,0.1,0.1,0.1,0.2,0.2,0.2,0.2,0.2,0.2,0.2,0.2,0.2,0.2,0.2
REDM_P,REDM_P,0.1,0.1,0.1,0.1,0.1,0.1,0.1,0.1,0.1,0.1,0.1,0.1,0.1,0.1,0.1,0.1,0.1,0.1,0.1,0.1,0.1,0.1,0.1,0.1,0.1,0.1,0.1,0.1,0.1,0.2
ROCH_1,ROCH_1,2.9,2.9,2.9,3.0,3.0,3.0,3.1,3.1,3.2,3.2,3.3,3.3,3.4,3.5,3.6,3.7,3.8,3.9,4.0,4.1,4.2,4.3,4.4,4.6,4.7,4.8,5.0,5.1,5.3,5.4
RUGEB1,RUGEB1,2.5,2.5,2.6,2.6,2.6,2.6,2.7,2.7,2.8,2.8,2.9,2.9,3.0,3.1,3.1,3.2,3.3,3.4,3.5,3.6,3.7,3.8,3.9,4.0,4.1,4.2,4.3,4.5,4.6,4.8
RYEH_1,RYEH_1,0.0,0.0,0.0,0.0,0.0,0.0,0.0,0.0,0.0,0.0,0.0,0.0,0.0,0.0,0.0,0.0,0.0,0.0,0.0,0.0,0.0,0.0,0.0,0.0,0.0,0.0,0.0,0.0,0.0,0.0
SACO,SACO,0.8,0.8,0.8,0.8,0.8,0.8,0.8,0.8,0.8,0.8,0.9,0.9,0.9,0.9,0.9,1.0,1.0,1.0,1.0,1.1,1.1,1.1,1.2,1.2,1.2,1.3,1.3,1.3,1.4,1.4
SALH_1,SALH_1,0.0,0.0,0.0,0.0,0.0,0.0,0.0,0.0,0.0,0.0,0.0,0.0,0.0,0.0,0.0,0.0,0.0,0.0,0.0,0.0,0.0,0.0,0.0,0.0,0.0,0.0,0.0,0.0,0.0,0.0
SALT_1,SALT_1,4.5,4.5,4.5,4.6,4.6,4.7,4.7,4.8,4.9,5.0,5.1,5.2,5.3,5.4,5.5,5.7,5.8,6.0,6.1,6.3,6.5,6.7,6.8,7.0,7.3,7.5,7.7,7.9,8.2,8.4
SANX,SANX,0.0,0.0,0.0,0.0,0.0,0.0,0.0,0.0,0.0,0.0,0.0,0.0,0.0,0.0,0.0,0.0,0.0,0.0,0.0,0.0,0.0,0.0,0.0,0.0,0.0,0.0,0.0,0.0,0.0,0.0
SBAR,SBAR,0.8,0.8,0.8,0.8,0.8,0.9,0.9,0.9,0.9,0.9,0.9,1.0,1.0,1.0,1.0,1.0,1.1,1.1,1.1,1.2,1.2,1.2,1.3,1.3,1.3,1.4,1.4,1.5,1.5,1.6
SEAB1,SEAB1,0.3,0.3,0.3,0.3,0.3,0.3,0.3,0.3,0.3,0.3,0.3,0.3,0.3,0.3,0.3,0.4,0.4,0.4,0.4,0.4,0.4,0.4,0.4,0.4,0.5,0.5,0.5,0.5,0.5,0.5
SELL_1,SELL_1,0.1,0.1,0.1,0.1,0.1,0.1,0.1,0.1,0.1,0.1,0.1,0.1,0.1,0.1,0.1,0.1,0.1,0.1,0.1,0.1,0.1,0.1,0.1,0.1,0.1,0.2,0.2,0.2,0.2,0.2
SFEG_P,SFEG_P,0.0,0.0,0.0,0.0,0.0,0.0,0.0,0.0,0.0,0.0,0.0,0.0,0.0,0.0,0.0,0.0,0.0,0.0,0.0,0.0,0.0,0.0,0.0,0.0,0.0,0.0,0.0,0.0,0.0,0.0
SFIL_P,SFIL_P,0.0,0.0,0.0,0.0,0.0,0.0,0.0,0.0,0.0,0.0,0.0,0.0,0.0,0.0,0.0,0.0,0.0,0.0,0.0,0.0,0.0,0.0,0.0,0.0,0.0,0.0,0.0,0.0,0.0,0.0
SHEC_3,SHEC_3,0.0,0.0,0.0,0.0,0.0,0.0,0.0,0.0,0.0,0.0,0.0,0.0,0.0,0.0,0.0,0.0,0.0,0.0,0.0,0.0,0.0,0.0,0.0,0.0,0.0,0.0,0.0,0.0,0.0,0.0
SHIN_P,SHIN_P,0.0,0.0,0.0,0.0,0.0,0.0,0.0,0.0,0.0,0.0,0.0,0.0,0.0,0.0,0.0,0.0,0.0,0.0,0.0,0.0,0.0,0.0,0.0,0.0,0.0,0.0,0.0,0.0,0.0,0.0
SHRU,SHRU,0.0,0.0,0.0,0.0,0.0,0.0,0.0,0.0,0.0,0.0,0.0,0.0,0.0,0.0,0.0,0.0,0.0,0.0,0.0,0.0,0.0,0.0,0.0,0.0,0.0,0.0,0.0,0.0,0.0,0.0
SHRW_1,SHRW_1,0.9,0.9,1.0,1.0,1.0,1.0,1.0,1.0,1.0,1.0,1.1,1.1,1.1,1.1,1.2,1.2,1.2,1.3,1.3,1.3,1.4,1.4,1.4,1.5,1.5,1.6,1.6,1.7,1.7,1.8
SIGH,SIGH,0.0,0.0,0.0,0.0,0.0,0.0,0.0,0.0,0.0,0.0,0.0,0.0,0.0,0.0,0.0,0.0,0.0,0.0,0.0,0.0,0.0,0.0,0.0,0.0,0.0,0.0,0.0,0.0,0.0,0.0
SJOW_1,SJOW_1,0.0,0.0,0.0,0.0,0.0,0.0,0.0,0.0,0.0,0.0,0.0,0.0,0.0,0.0,0.0,0.0,0.0,0.0,0.0,0.0,0.0,0.0,0.0,0.0,0.0,0.0,0.0,0.0,0.0,0.0
SKLGB1,SKLGB1,1.9,1.9,2.0,2.0,2.0,2.0,2.0,2.1,2.1,2.2,2.2,2.2,2.3,2.3,2.4,2.5,2.5,2.6,2.6,2.7,2.8,2.9,3.0,3.0,3.1,3.2,3.3,3.4,3.5,3.6
SLOY_P,SLOY_P,0.0,0.0,0.0,0.0,0.0,0.0,0.0,0.0,0.0,0.0,0.0,0.0,0.0,0.0,0.0,0.0,0.0,0.0,0.0,0.0,0.0,0.0,0.0,0.0,0.0,0.0,0.0,0.0,0.0,0.0
SMAN_1,SMAN_1,0.0,0.0,0.0,0.0,0.0,0.0,0.0,0.0,0.0,0.0,0.0,0.0,0.0,0.0,0.0,0.0,0.0,0.0,0.0,0.0,0.0,0.0,0.0,0.0,0.0,0.0,0.0,0.0,0.0,0.0
SPAV,SPAV,0.9,0.9,0.9,0.9,0.9,0.9,0.9,0.9,0.9,1.0,1.0,1.0,1.0,1.0,1.1,1.1,1.1,1.2,1.2,1.2,1.3,1.3,1.3,1.4,1.4,1.4,1.5,1.5,1.6,1.6
SPEN_1,SPEN_1,3.7,3.7,3.7,3.8,3.8,3.9,3.9,4.0,4.0,4.1,4.2,4.3,4.4,4.5,4.6,4.7,4.8,4.9,5.1,5.2,5.3,5.5,5.7,5.8,6.0,6.2,6.4,6.5,6.7,6.9
SSHI_3,SSHI_3,0.1,0.1,0.1,0.1,0.1,0.1,0.1,0.1,0.1,0.1,0.1,0.1,0.1,0.1,0.1,0.1,0.1,0.1,0.1,0.1,0.1,0.1,0.2,0.2,0.2,0.2,0.2,0.2,0.2,0.2
STAL_1,STAL_1,0.1,0.1,0.1,0.1,0.1,0.1,0.1,0.1,0.1,0.1,0.1,0.1,0.1,0.1,0.1,0.1,0.1,0.2,0.2,0.2,0.2,0.2,0.2,0.2,0.2,0.2,0.2,0.2,0.2,0.2
STAY_1,STAY_1,6.8,6.8,6.9,6.9,7.0,7.1,7.2,7.3,7.4,7.5,7.7,7.8,8.0,8.2,8.4,8.6,8.8,9.0,9.3,9.5,9.8,10.1,10.4,10.7,11.0,11.3,11.7,12.0,12.4,12.8
STEN_1,STEN_1,0.0,0.0,0.0,0.0,0.0,0.0,0.0,0.0,0.0,0.0,0.0,0.0,0.0,0.0,0.0,0.0,0.0,0.0,0.0,0.0,0.0,0.0,0.0,0.0,0.0,0.0,0.0,0.0,0.0,0.0
STES_1,STES_1,3.6,3.6,3.6,3.7,3.7,3.8,3.8,3.9,3.9,4.0,4.1,4.2,4.3,4.4,4.5,4.6,4.7,4.8,4.9,5.1,5.2,5.4,5.5,5.7,5.8,6.0,6.2,6.4,6.6,6.8
STHA,STHA,2.2,2.2,2.2,2.2,2.2,2.3,2.3,2.3,2.4,2.4,2.5,2.5,2.6,2.6,2.7,2.7,2.8,2.9,3.0,3.0,3.1,3.2,3.3,3.4,3.5,3.6,3.7,3.8,4.0,4.1
STIR,STIR,0.2,0.2,0.2,0.2,0.2,0.2,0.2,0.2,0.2,0.2,0.2,0.2,0.2,0.2,0.2,0.2,0.3,0.3,0.3,0.3,0.3,0.3,0.3,0.3,0.3,0.3,0.3,0.3,0.4,0.4
STLE,STLE,0.2,0.2,0.2,0.2,0.2,0.2,0.2,0.2,0.2,0.2,0.2,0.2,0.2,0.2,0.2,0.2,0.2,0.2,0.2,0.2,0.2,0.2,0.2,0.2,0.3,0.3,0.3,0.3,0.3,0.3
SUND_1,SUND_1,0.6,0.6,0.6,0.6,0.6,0.6,0.6,0.6,0.6,0.6,0.7,0.7,0.7,0.7,0.7,0.7,0.7,0.8,0.8,0.8,0.8,0.9,0.9,0.9,0.9,1.0,1.0,1.0,1.1,1.1
SWAN_1,SWAN_1,21.3,21.2,21.4,21.6,21.8,22.1,22.4,22.7,23.1,23.5,24.0,24.5,25.0,25.6,26.2,26.8,27.5,28.2,29.0,29.8,30.6,31.5,32.4,33.3,34.3,35.4,36.4,37.5,38.7,39.8
TARL_P,TARL_P,0.3,0.3,0.3,0.3,0.3,0.3,0.3,0.3,0.3,0.3,0.3,0.3,0.3,0.3,0.4,0.4,0.4,0.4,0.4,0.4,0.4,0.4,0.4,0.5,0.5,0.5,0.5,0.5,0.5,0.5
TAUN1,TAUN1,0.2,0.2,0.2,0.2,0.2,0.2,0.2,0.2,0.2,0.2,0.2,0.2,0.2,0.2,0.2,0.2,0.2,0.2,0.2,0.2,0.2,0.2,0.2,0.2,0.2,0.3,0.3,0.3,0.3,0.3
TAYN_P,TAYN_P,3.4,3.3,3.4,3.4,3.4,3.5,3.5,3.6,3.6,3.7,3.8,3.9,3.9,4.0,4.1,4.2,4.3,4.5,4.6,4.7,4.8,5.0,5.1,5.3,5.4,5.6,5.7,5.9,6.1,6.3
TELR,TELR,0.0,0.0,0.0,0.0,0.0,0.0,0.0,0.0,0.0,0.0,0.0,0.0,0.0,0.0,0.0,0.0,0.0,0.0,0.0,0.0,0.0,0.0,0.0,0.0,0.0,0.0,0.0,0.0,0.0,0.0
TEMP_3,TEMP_3,0.0,0.0,0.0,0.0,0.0,0.0,0.0,0.0,0.0,0.0,0.0,0.0,0.0,0.0,0.0,0.0,0.0,0.0,0.0,0.0,0.0,0.0,0.0,0.0,0.0,0.0,0.0,0.0,0.0,0.0
THOM_6,THOM_6,1.8,1.7,1.8,1.8,1.8,1.8,1.8,1.9,1.9,1.9,2.0,2.0,2.1,2.1,2.2,2.2,2.3,2.3,2.4,2.4,2.5,2.6,2.7,2.7,2.8,2.9,3.0,3.1,3.2,3.3
THSO_P,THSO_P,24.6,24.5,24.7,24.9,25.2,25.5,25.8,26.2,26.7,27.1,27.7,28.2,28.9,29.5,30.2,30.9,31.7,32.6,33.4,34.4,35.3,36.3,37.4,38.5,39.6,40.8,42.0,43.3,44.6,46.0
THUR_6,THUR_6,0.0,0.0,0.0,0.0,0.0,0.0,0.0,0.0,0.0,0.0,0.0,0.0,0.0,0.0,0.0,0.0,0.0,0.1,0.1,0.1,0.1,0.1,0.1,0.1,0.1,0.1,0.1,0.1,0.1,0.1
TILBB_1,TILBB_1,0.0,0.0,0.0,0.0,0.0,0.0,0.0,0.0,0.0,0.0,0.0,0.0,0.0,0.0,0.0,0.0,0.0,0.0,0.0,0.0,0.0,0.0,0.0,0.0,0.0,0.0,0.0,0.0,0.0,0.0
TONG;CAFA;EAST;GLLE;KEOO,TONG;CAFA;EAST;GLLE;KEOO,2.3,2.3,2.4,2.4,2.4,2.4,2.5,2.5,2.5,2.6,2.6,2.7,2.8,2.8,2.9,3.0,3.0,3.1,3.2,3.3,3.4,3.5,3.6,3.7,3.8,3.9,4.0,4.1,4.3,4.4
TOTT_1,TOTT_1,0.0,0.0,0.0,0.0,0.0,0.0,0.0,0.0,0.0,0.0,0.0,0.0,0.0,0.0,0.0,0.0,0.0,0.0,0.0,0.0,0.0,0.0,0.0,0.0,0.0,0.0,0.0,0.0,0.0,0.0
TRAW_1,TRAW_1,6.3,6.3,6.3,6.4,6.4,6.5,6.6,6.7,6.8,6.9,7.1,7.2,7.4,7.5,7.7,7.9,8.1,8.3,8.5,8.8,9.0,9.3,9.6,9.8,10.1,10.4,10.7,11.1,11.4,11.7
TUMB_P,TUMB_P,0.6,0.6,0.6,0.6,0.6,0.6,0.6,0.6,0.6,0.6,0.6,0.7,0.7,0.7,0.7,0.7,0.7,0.8,0.8,0.8,0.8,0.8,0.9,0.9,0.9,0.9,1.0,1.0,1.0,1.1
TYNE_1;TYNE_2,TYNE_1;TYNE_2,0.0,0.0,0.0,0.0,0.0,0.0,0.0,0.0,0.0,0.0,0.0,0.0,0.0,0.0,0.0,0.0,0.0,0.0,0.0,0.0,0.0,0.0,0.0,0.0,0.0,0.0,0.0,0.0,0.0,0.0
UPPB_1;UPPB_3,UPPB_1;UPPB_3,2.7,2.7,2.7,2.7,2.7,2.8,2.8,2.9,2.9,3.0,3.0,3.1,3.1,3.2,3.3,3.4,3.5,3.5,3.6,3.7,3.8,4.0,4.1,4.2,4.3,4.4,4.6,4.7,4.9,5.0
USKM_1;ALST_3,USKM_1;ALST_3,2.0,2.0,2.0,2.1,2.1,2.1,2.1,2.2,2.2,2.2,2.3,2.3,2.4,2.4,2.5,2.6,2.6,2.7,2.8,2.8,2.9,3.0,3.1,3.2,3.3,3.4,3.5,3.6,3.7,3.8
WALH_1,WALH_1,0.0,0.0,0.0,0.0,0.0,0.0,0.0,0.0,0.0,0.0,0.0,0.0,0.0,0.0,0.0,0.0,0.0,0.0,0.0,0.0,0.0,0.0,0.0,0.0,0.0,0.0,0.0,0.1,0.1,0.1
WALP_1,WALP_1,5.2,5.2,5.2,5.3,5.3,5.4,5.5,5.5,5.6,5.7,5.8,6.0,6.1,6.2,6.4,6.5,6.7,6.9,7.1,7.3,7.5,7.7,7.9,8.1,8.4,8.6,8.9,9.1,9.4,9.7
WALP_B,WALP_B,2.4,2.4,2.4,2.5,2.5,2.5,2.5,2.6,2.6,2.7,2.7,2.8,2.8,2.9,3.0,3.1,3.1,3.2,3.3,3.4,3.5,3.6,3.7,3.8,3.9,4.0,4.1,4.3,4.4,4.5
WARL_1,WARL_1,1.6,1.6,1.7,1.7,1.7,1.7,1.7,1.8,1.8,1.8,1.9,1.9,1.9,2.0,2.0,2.1,2.1,2.2,2.2,2.3,2.4,2.4,2.5,2.6,2.7,2.7,2.8,2.9,3.0,3.1
WASF_1;KIBY_G,WASF_1;KIBY_G,0.0,0.0,0.0,0.0,0.0,0.0,0.0,0.0,0.0,0.0,0.0,0.0,0.0,0.0,0.0,0.0,0.0,0.0,0.0,0.1,0.1,0.1,0.1,0.1,0.1,0.1,0.1,0.1,0.1,0.1
WATFS_1,WATFS_1,0.2,0.2,0.2,0.3,0.3,0.3,0.3,0.3,0.3,0.3,0.3,0.3,0.3,0.3,0.3,0.3,0.3,0.3,0.3,0.3,0.4,0.4,0.4,0.4,0.4,0.4,0.4,0.4,0.4,0.5
WBOL_6,WBOL_6,0.3,0.3,0.3,0.3,0.3,0.3,0.3,0.3,0.3,0.3,0.3,0.3,0.3,0.3,0.3,0.3,0.3,0.3,0.4,0.4,0.4,0.4,0.4,0.4,0.4,0.4,0.5,0.5,0.5,0.5
WBUR_1,WBUR_1,3.5,3.5,3.5,3.5,3.6,3.6,3.6,3.7,3.8,3.8,3.9,4.0,4.1,4.2,4.3,4.4,4.5,4.6,4.7,4.8,5.0,5.1,5.3,5.4,5.6,5.8,5.9,6.1,6.3,6.5
WFIE,WFIE,1.7,1.7,1.7,1.7,1.7,1.8,1.8,1.8,1.8,1.9,1.9,2.0,2.0,2.0,2.1,2.1,2.2,2.3,2.3,2.4,2.4,2.5,2.6,2.7,2.7,2.8,2.9,3.0,3.1,3.2
WGEO,WGEO,0.0,0.0,0.0,0.0,0.0,0.0,0.0,0.0,0.0,0.0,0.0,0.0,0.0,0.0,0.0,0.0,0.0,0.0,0.0,0.0,0.0,0.0,0.0,0.0,0.0,0.0,0.0,0.0,0.0,0.0
WHAM_1;ISLI_1,WHAM_1;ISLI_1,0.0,0.0,0.0,0.0,0.0,0.0,0.0,0.0,0.0,0.0,0.0,0.0,0.0,0.0,0.0,0.0,0.0,0.0,0.0,0.0,0.0,0.0,0.0,0.0,0.0,0.0,0.0,0.0,0.0,0.0
WHGA_1,WHGA_1,0.1,0.1,0.1,0.1,0.1,0.1,0.1,0.1,0.1,0.1,0.1,0.1,0.1,0.1,0.1,0.1,0.1,0.1,0.1,0.1,0.1,0.1,0.1,0.1,0.1,0.1,0.1,0.1,0.1,0.1
WHHO,WHHO,0.0,0.0,0.0,0.0,0.0,0.0,0.0,0.0,0.0,0.0,0.0,0.0,0.0,0.0,0.0,0.0,0.0,0.0,0.0,0.0,0.0,0.0,0.0,0.0,0.0,0.0,0.0,0.0,0.0,0.0
WIBA_3,WIBA_3,0.0,0.0,0.0,0.0,0.0,0.0,0.0,0.0,0.0,0.0,0.0,0.0,0.0,0.0,0.0,0.0,0.0,0.0,0.0,0.0,0.0,0.0,0.0,0.0,0.0,0.0,0.0,0.0,0.0,0.0
WIEN_1,WIEN_1,0.0,0.0,0.0,0.0,0.0,0.0,0.0,0.0,0.0,0.0,0.0,0.0,0.0,0.0,0.0,0.0,0.0,0.0,0.0,0.0,0.0,0.0,0.0,0.0,0.0,0.0,0.0,0.0,0.0,0.0
WILL_1,WILL_1,2.4,2.4,2.4,2.4,2.4,2.5,2.5,2.5,2.6,2.6,2.7,2.7,2.8,2.9,2.9,3.0,3.1,3.2,3.2,3.3,3.4,3.5,3.6,3.7,3.8,4.0,4.1,4.2,4.3,4.5
WIMBS1;WIMBN1,WIMBS1;WIMBN1,0.0,0.0,0.0,0.0,0.0,0.0,0.0,0.0,0.0,0.0,0.0,0.0,0.0,0.0,0.0,0.0,0.0,0.0,0.0,0.0,0.0,0.0,0.0,0.0,0.0,0.0,0.0,0.0,0.0,0.0
WIOW_P,WIOW_P,0.0,0.0,0.0,0.0,0.0,0.0,0.0,0.0,0.0,0.0,0.0,0.0,0.0,0.0,0.0,0.0,0.0,0.0,0.0,0.0,0.0,0.0,0.0,0.0,0.0,0.0,0.0,0.0,0.0,0.0
WISD_6;WISD_1;ACTL_C,WISD_6;WISD_1;ACTL_C,0.0,0.0,0.0,0.0,0.0,0.0,0.0,0.0,0.0,0.0,0.0,0.0,0.0,0.0,0.0,0.0,0.0,0.0,0.0,0.0,0.0,0.0,0.0,0.0,0.0,0.0,0.0,0.0,0.0,0.0
WISH;RAVE,WISH;RAVE,6.1,6.1,6.2,6.2,6.3,6.4,6.5,6.6,6.7,6.8,6.9,7.1,7.2,7.4,7.6,7.7,7.9,8.1,8.4,8.6,8.8,9.1,9.3,9.6,9.9,10.2,10.5,10.8,11.2,11.5
WMEL_1,WMEL_1,1.3,1.3,1.3,1.3,1.3,1.4,1.4,1.4,1.4,1.4,1.5,1.5,1.5,1.6,1.6,1.6,1.7,1.7,1.8,1.8,1.9,1.9,2.0,2.0,2.1,2.2,2.2,2.3,2.4,2.4
WOHI_P,WOHI_P,0.0,0.0,0.0,0.0,0.0,0.0,0.0,0.0,0.0,0.0,0.0,0.0,0.0,0.0,0.0,0.0,0.0,0.0,0.0,0.0,0.0,0.0,0.0,0.0,0.0,0.0,0.0,0.0,0.0,0.0
WTHU31,WTHU31,0.0,0.0,0.0,0.0,0.0,0.0,0.0,0.0,0.0,0.0,0.0,0.0,0.0,0.0,0.0,0.0,0.0,0.0,0.0,0.0,0.0,0.0,0.0,0.0,0.0,0.0,0.0,0.0,0.0,0.0
WWEY_1,WWEY_1,0.0,0.0,0.0,0.0,0.0,0.0,0.0,0.0,0.0,0.0,0.0,0.0,0.0,0.0,0.0,0.0,0.0,0.0,0.0,0.0,0.0,0.0,0.0,0.0,0.0,0.0,0.0,0.0,0.0,0.0
WYLF_1,WYLF_1,1.8,1.8,1.8,1.8,1.8,1.8,1.9,1.9,1.9,2.0,2.0,2.0,2.1,2.1,2.2,2.2,2.3,2.4,2.4,2.5,2.6,2.6,2.7,2.8,2.9,3.0,3.0,3.1,3.2,3.3
WYMOM_1,WYMOM_1,0.6,0.6,0.6,0.6,0.6,0.6,0.6,0.6,0.6,0.6,0.6,0.7,0.7,0.7,0.7,0.7,0.7,0.8,0.8,0.8,0.8,0.8,0.9,0.9,0.9,0.9,1.0,1.0,1.0,1.1
